timestamp,text,ticker
2021-09-30 03:38:57+00:00,"$HPNN Check this out.https://t.co/revbG0Pdwk our new promo video for #Digitalage look carefully, it shows a lot! Just saying! When I open this to the public, we are going to take #Facebook #Instagram billions of end-users with content protection for influencers. $FB https://t.co/g41bAG33u4",META
2021-10-01 01:08:30+00:00,"$HPNN I just closed a deal for the end of this quarter. I look forward to sharing the news in a joint press release. When I open #Digitalage this to the public, we will take #Facebook #Instagram billions of end-users with content protection for influencers. $FB https://t.co/H8Gy3O6jvH",META
2021-10-02 15:22:45+00:00,Portfolio Update: been a while but about ~175% ytd with monthly returns/cumulative shown. Was actually at a new ath last friday before this last week but then everything got hit though $gogo was a savior. $crm guide raise where it soared was huge as was my largest call position https://t.co/sp4bwhVN4S,CRM
2021-10-03 23:55:46+00:00,"If you love $TSLA, $PLTR or $DOGE, I'll follow you. Just let me know.👌",TSLA
2021-10-04 18:30:50+00:00,"🚨BREAKING🚨 $FB, https://t.co/8nRqaEfSdI, domain is for sale. https://t.co/ywefq3Besu",META
2021-10-05 04:24:05+00:00,"I’m watching $SPY | $FB | &amp;’ | $MRNA | calls for this week. I’ll give price targets, support and resistance, charts &amp;’ exit strategies for them tonight",META
2021-10-06 11:45:24+00:00,$CYBL Acquisition this week Another acquisition by the end of the month Announcing multiple “big strategic partners” Some of these partners will include $CREE $LHX $BA I’m sorry to admit but most of the stocks you are comparing to CYBL will never run like it did &amp; is about to,BA
2021-10-06 13:55:04+00:00,"Returns, Last 10 Years.. Bitcoin $BTC: +1,150,000% Tesla $TSLA: +14,376% NVIDIA $NVDA: +6,298% Netflix $NFLX: +3,485% Domino's $DPZ: 1,935% Amazon $AMZN: +1,358% Microsoft $MSFT: +1,256% Apple $AAPL: +1,108% Google $GOOGL: +952% S&amp;P 500 $SPY: +348% Bonds $AGG: +34% Gold $GLD: +1%",MSFT
2021-10-06 13:55:04+00:00,"Returns, Last 10 Years.. Bitcoin $BTC: +1,150,000% Tesla $TSLA: +14,376% NVIDIA $NVDA: +6,298% Netflix $NFLX: +3,485% Domino's $DPZ: 1,935% Amazon $AMZN: +1,358% Microsoft $MSFT: +1,256% Apple $AAPL: +1,108% Google $GOOGL: +952% S&amp;P 500 $SPY: +348% Bonds $AGG: +34% Gold $GLD: +1%",PG
2021-10-06 13:55:04+00:00,"Returns, Last 10 Years.. Bitcoin $BTC: +1,150,000% Tesla $TSLA: +14,376% NVIDIA $NVDA: +6,298% Netflix $NFLX: +3,485% Domino's $DPZ: 1,935% Amazon $AMZN: +1,358% Microsoft $MSFT: +1,256% Apple $AAPL: +1,108% Google $GOOGL: +952% S&amp;P 500 $SPY: +348% Bonds $AGG: +34% Gold $GLD: +1%",AMZN
2021-10-06 15:20:50+00:00,"NASA confirms the reassignment of astronauts Nicole Mann and Josh Cassada, moving them off the Boeing Starliner crew flight test and Starliner-1 missions and making them the commander and pilot for SpaceX's Crew-5 mission in fall 2022. Press release: https://t.co/VnLXkNcshp $BA https://t.co/AiUK10F1ao",BA
2021-10-06 20:18:59+00:00,Glock’s Trade Recap $QQQ 650% $MSFT 130% $SPY 115% $TWTR 120% $UBER 100% $KO 120% $ANY 20% 69 likes for some option ideas!🚀,KO
2021-10-07 08:15:36+00:00,This $CYBL tweet has more clues than you think from @CyberluxC. Did you catch #FlightEyeDNA w/ #StrategicIP and the mention of $LMT = #NVG 🧩 Remember me talking about #TestBeds? $BAESY strong theory for European connection. $CREE $WOLF $LHX $BA $NOC $HON relevant! Thread ⬇️ https://t.co/67Rex5Ihpp https://t.co/qJnd7XZ0yC,BA
2021-10-08 12:38:29+00:00,Time for some field research with my crack analysts today. $DIS https://t.co/okzaGgZPcs,DIS
2021-10-10 00:29:07+00:00,"Forward P/E ratios for a brick and mortar bulk store, a pizza joint, and two of the most dominant technology companies of all time. $COST $DPZ $GOOG $FB https://t.co/1Xz7KGfwJ2",COST
2021-10-13 13:43:12+00:00,Quick $500 on $AMD calls Giving these free picks on a daily basis But my engagement is dropping Please ❤ if you use these free picks 🙏 https://t.co/T55Hn2GAIl https://t.co/eMCnO6a4Mg,AMD
2021-10-13 18:32:40+00:00,@AMD “We have GPU’s in stock” 🚩🚩🚩🚩🚩,AMD
2021-10-14 01:04:15+00:00,Bull market is back. My short term wish list is: $ROKU to $500 $NIO to $50 $DOCS to 100 $AFRM to $200 $AMD to 130 $AMZN to $3500 $PLUG to $50 That's all. I won't be too greedy but I wouldn't be surprised we'll be back at ATH before Thanksgiving.,AMZN
2021-10-14 01:04:15+00:00,Bull market is back. My short term wish list is: $ROKU to $500 $NIO to $50 $DOCS to 100 $AFRM to $200 $AMD to 130 $AMZN to $3500 $PLUG to $50 That's all. I won't be too greedy but I wouldn't be surprised we'll be back at ATH before Thanksgiving.,MSFT
2021-10-14 01:04:15+00:00,Bull market is back. My short term wish list is: $ROKU to $500 $NIO to $50 $DOCS to 100 $AFRM to $200 $AMD to 130 $AMZN to $3500 $PLUG to $50 That's all. I won't be too greedy but I wouldn't be surprised we'll be back at ATH before Thanksgiving.,PG
2021-10-14 04:20:12+00:00,"Doing my usual $TSLA sausage-fest test poll, but with a TWIST. Sex + $TSLA ownership:",TSLA
2021-10-14 19:50:36+00:00,Once we get to 200 likes I’ll tell you my upside targets on $BA 🤐👀 https://t.co/DJJfoPR9RU,BA
2021-10-15 17:00:33+00:00,"A $1,000 Costco gift card? Just think about how many rolls of toilet paper you could buy… 🧻 Or, you know, other essential items. Claim bonus $COST stock at the #StashStockParty tonight for your chance to win. 8 p.m. ET 🛒 https://t.co/itRKsO7hGK https://t.co/wXsJOxumee",COST
2021-10-15 17:53:51+00:00,$BA I hope we all make it big after this nice dip we got. Who’s with me q4 🚀,BA
2021-10-15 18:37:10+00:00,"Boeing $BA VP John Vollmer tells @jeff_foust that Starliner OFT-2 may not launch ""before mid-2022, but that’s yet to be determined.” “There are some potential ways to accelerate that."" https://t.co/j3g5YZ1uZk",BA
2021-10-16 17:01:00+00:00,A packed earnings week! $STT $ELS $ACO $STLD $PACW $HXL $CFB $JNJ $PG $NFLX $PM $CNI $BK $TRV $DOV $HAL $IBKR $TSLA $ASML $VZ $NEE $ANTM $CSX $BIIB $NDAQ $EFX $XM $INTC $SNAP $SAP $T $FCX $LUV $FAF $OLN $ON $AXP $HCA $ROP $SLB $RF Full list with plays: https://t.co/lNGVHeFz2o https://t.co/bBXD3zbAyP,NFLX
2021-10-17 13:01:00+00:00,A packed earnings week! $STT $ELS $ACO $STLD $PACW $HXL $CFB $JNJ $PG $NFLX $PM $CNI $BK $TRV $DOV $HAL $IBKR $TSLA $ASML $VZ $NEE $ANTM $CSX $BIIB $NDAQ $EFX $XM $INTC $SNAP $SAP $T $FCX $LUV $FAF $OLN $ON $AXP $HCA $ROP $SLB $RF Full list with plays: https://t.co/lNGVHeFz2o https://t.co/wsvdq2LH2X,INTC
2021-10-17 15:14:59+00:00,WEEKLY WATCHLIST: 1. $SQ: Calls &gt; 250 | Puts &lt; 247 2. $FDX: Calls &gt; 231 | Puts &lt; 225 3. $HOOD: Calls &gt; 41.4 | Puts &lt; 40 4. $CHWY: Calls &gt; 64 | Puts &lt; 61 5. $BABA: Calls &gt; 170 | Puts &lt; 163 6. $FSLY: Calls &gt; 46 | Puts &lt; 43 Please retweet. Let's be green. $SPY $QQQ $TSLA $BA,BA
2021-10-17 23:00:01+00:00,"#LT's Weekly Watchlist for 10/18-10/22⌛️ Should be a solid week, tons of setups! Good Luck everyone and feel free to reach out with any questions you may have.😁 $AAPL $PYPL $FB $SQ $SPOT $SHOP $GOOGL $TSLA $NVDA $AMD $AMZN $MSFT $BABA $UPST $CAT $SPY $SPX $QQQ https://t.co/dRVNsWKbAa",PYPL
2021-10-18 17:42:34+00:00,$INTC Fuck. https://t.co/LQauwjIX7D,INTC
2021-10-18 18:47:10+00:00,The Phases of $FB: Phase 1: Ad platform Phase 2: +Shopping and payment platform Phase 3: +AR/VR hardware platform Phase 4: +Metaverse App store So basically $FB becomes ( $FB + $AMZN + $AAPL ) in one company.,META
2021-10-19 20:02:41+00:00,EARNINGS: Netflix Q3 EPS $3.19 vs. $2.56 Est.; Q3 Revs. $7.48B vs. $7.48B Est. • $NFLX paid net subscriber adds come in at 4.38M vs. 3.84M est. est.https://t.co/WU4P5wRu2U,NFLX
2021-10-20 15:55:16+00:00,"$PINS the $PYPL bid, if real, I'd am anchor. PayPal just stated a horse race and they know it. It's higher than $70 and here come the other parties, like $MSFT. This is all entirely conjecture on my part. I'm sharing an opinion, and none of it is fact.",PYPL
2021-10-21 20:04:23+00:00,Weeks Summary🧑‍🚀 • $DOCU 265p .9 to 1.4 $DOCU 265p .81 to 1.7 🔥 $BA 220c 1.03 to 1.45 $WISH 12c 1.02 to 1.55 💫 $BB 12.5c 1 to 1.5 $SNOW 340c .85 to 5.7 ☢️☢️☢️ $PYPL 265c .9 to 1.65 $CRM 292.5c .85 to 1.11 • Every 25❤️ this gets I’ll do 1 DD🧑‍🚀 • All my plays R free99❤️ https://t.co/tff93IxErq,PYPL
2021-10-21 20:04:23+00:00,Weeks Summary🧑‍🚀 • $DOCU 265p .9 to 1.4 $DOCU 265p .81 to 1.7 🔥 $BA 220c 1.03 to 1.45 $WISH 12c 1.02 to 1.55 💫 $BB 12.5c 1 to 1.5 $SNOW 340c .85 to 5.7 ☢️☢️☢️ $PYPL 265c .9 to 1.65 $CRM 292.5c .85 to 1.11 • Every 25❤️ this gets I’ll do 1 DD🧑‍🚀 • All my plays R free99❤️ https://t.co/tff93IxErq,CRM
2021-10-22 10:44:36+00:00,"Intel Betting The Farm Shrinking business, margins down for a few years, but aggressively investing $40B-$43B a year, more with subsidies! $INTC could follow the path of other American goliaths such as IBM and General Electric, but instead they will fight! https://t.co/ATANgneYvK",INTC
2021-10-22 13:12:10+00:00,I think investors will look back at today as a great buying opportunity a month from now and certainly a year from now. $SNAP $TTD $ROKU $GOOG $FB $MGNI $PINS $ETSY $TWTR,GOOG
2021-10-23 02:48:38+00:00,🚨Upcoming Earnings Report - Week of October 25th 🚨 $XOM $ABEV $AAPL $SBUX $MRK $CAT $AVT $ASX $BUD $AMZN $EBAY $GM $KO $MCD $F $BA $DB $BMY $BG $AMD $GE $GOOGL $TWTR $UPS $GOOG $MSFT $FB $SPY $QQQ ⬇️FREE 2 Weeks of Benzinga Pro⬇️ 👉https://t.co/wlnojT9I5T 👈 https://t.co/CK0ePFKejM,BA
2021-10-23 19:35:39+00:00,💥BIG WEEK OF TECH EARNINGS AHEAD 👀👀 Mon: $FB Tues: $MSFT $GOOGL $AMD $TWTR $HOOD $V Wed: $BA $MCD $KO $GM $F Thurs: $AAPL $AMZN $SHOP $MA $SBUX $CAT Fri: $XOM $CVX $RCL $DIA $SPY $QQQ $IWM $VIX https://t.co/DvMV3tPrSr,KO
2021-10-24 10:00:28+00:00,Polen Focus Growth Q3 2021 letter $AMZN $CRM $ABNB $PYPL $ILMN $V $FB https://t.co/Wk6ojKayKR https://t.co/jGXVvg6LPn,CRM
2021-10-24 20:44:18+00:00,$CRM Weekly moving higher from a year-long cup consolidation. https://t.co/igGOMwsbBs,CRM
2021-10-25 00:17:04+00:00,Watchlist 👀: $LC - Earnings Oct 27 $AFRM - Ready for new highs $DWAC - Options open up $SOFI - Consolidation in the $20’s $MELI - Oversold E-Commence play $PINS - $PYPL rumoured bid $SNAP - Over-reaction to earnings miss? $LCID - Production roll-out begins Good luck all!,PYPL
2021-10-25 02:03:58+00:00,🧐 Focus List for this Week 10-24-2021 #RMWL $AFRM $AMD $BILL $COIN $CRWD $ENPH $FSLR $HUT $MNDY $SI $SKIN $U $UPST $UPWK What did I forget? Let me know below 👇 👍 Like and Retweet 🔁 https://t.co/m7TTQlWS6B,AMD
2021-10-25 20:07:04+00:00,EARNINGS: Facebook Q3 EPS $3.22 vs. $3.19 Est.; Q3 Revs. $29.01B vs. $29.57B Est. • $FB https://t.co/AE3BIA9Wun https://t.co/BkcoXA53x4,META
2021-10-25 22:41:27+00:00,#OPTIONS IDEAS $EBAY 82c &gt; 81.04 | 79p &lt; 79.95 $INTC 50.5c &gt; 50.07 | 49p &lt; 49.31 $WBA 50c &gt; 49.80 | 49p &lt; 49.09 $ROKU 330c &gt; 327.04 | 315p &lt; 315.37 LIKE FAST FOR A SECRET PLAY🚨,INTC
2021-10-26 18:08:35+00:00,"Amazon SVP David Limp, speaking to #MWCLA21 from the company's Project Kuiper facility, says the first satellites are being built and shows a test firing of a hall thruster: $AMZN https://t.co/DIuW4cxPYW",PG
2021-10-26 18:08:35+00:00,"Amazon SVP David Limp, speaking to #MWCLA21 from the company's Project Kuiper facility, says the first satellites are being built and shows a test firing of a hall thruster: $AMZN https://t.co/DIuW4cxPYW",MSFT
2021-10-26 18:08:35+00:00,"Amazon SVP David Limp, speaking to #MWCLA21 from the company's Project Kuiper facility, says the first satellites are being built and shows a test firing of a hall thruster: $AMZN https://t.co/DIuW4cxPYW",AMZN
2021-10-27 12:45:00+00:00,$AMD price target raised from $105 to $135 at JPMorgan,AMD
2021-10-27 21:03:40+00:00,💰 3 stocks I will hold for 10+ years💰 $O 🏬 $KO 🥤 $AAPL 🍎 What are 3 of yours?,KO
2021-10-28 23:24:51+00:00,#LOTTOFRIDAY IDEAS Be Advised — High Risk 0DTE $MSFT 327.5c &gt; 324.86 | 320p &lt; 322.3 $NVDA 252.5c &gt; 249.5| 245p &lt; 245.25 $BAC 48.5c &gt; 48 | 47p &lt; 47.43 $INTC 49c &gt; 48.37| 47p &lt; 47.77 LIKE FOR EXTRA PICKS💎,INTC
2021-10-29 14:37:18+00:00,Highlights 10-29🧑‍🚀 • $SQ 260c 1.31 to 2.5 $SQ 260c 1 &gt; 3.3☢️ $DOCU 275c 1 &gt; 5☢️☢️☢️ $PYPL 265c 1 &gt; 3 ☢️ $PTON 90c .74 &gt; 1.73🚀 $SUNW 10c .6 &gt; .85 $DIS 172.5c 1 &gt; 1.6 $BB 12.5cp 3.9 &gt; 2.5 $RBLX 95c 1.05 &gt; 2.4🚀 • All 4 fre99🔥 • Can we get 420❤️ will do 25 DD posts if we do📚 https://t.co/aQxpETM50Y,PYPL
2021-10-29 18:40:39+00:00,$FB about to take over. Metaverse biggest market opportunity in history and they are perfectly positioned. Long for a long time.,META
2021-10-30 16:24:35+00:00,FT Weekly Price Prediction List: $TSLA $1150+ $CNTX $7+ $LCID $45+ $BKKT $45+ $GEVO $9+ $AGC $14+ $PLTR $27+ $NFLX $600+ $RBLX $87+ $FB $330+ $AMC $45+ $DWAC $80+ $MSTR $740+ $COIN $330+ $GME $200+ $DCRC $14+ $METX $1+ $AUPH $35+ $PAG $110+ $STEM $25+ $CROX $168+ $RUN $60+ LFG😎,TSLA
2021-10-30 23:03:00+00:00,One of the best flowmasters is @WealthBrah. He has shown many times how he gets consistent wins. Great example - how he made 80% in 60 minutes with $FB flow. https://t.co/I1fqqUxKMM,META
2021-10-31 15:05:00+00:00,Warren Buffett has been mentioned as 1 of the greatest investors of all time Here is a look at the top 4 holdings in the $BRK.B portfolio $AAPL 47% of Portfolio $BAC 14% of Portfolio $AXP 9% of Portfolio $KO 7% of Portfolio Top 4 Positions make up 71% of the TOTAL PORTFOLIO https://t.co/x02GDHdaCV,KO
2021-11-02 10:08:35+00:00,SHANGHAI DISNEYLAND TO RESUME OPERATION ON WEDNESDAY AFTER ALL COVID-19 SAMPLES TESTED NEGATIVE - SHANGHAI DISNEY RESORT $DIS,DIS
2021-11-02 12:50:00+00:00,"$DIS Hi, We're Trendspider, and you're watching Disney channel🐭 https://t.co/nyQT0cdbY9",DIS
2021-11-02 17:15:45+00:00,500 likes and I’ll tell you why I bought $NFLX ❤️ https://t.co/d4oYi2BOUH,NFLX
2021-11-02 18:21:31+00:00,@Caedrel @LenovoLegionUKI @AMD engagement for the homie,AMD
2021-11-02 20:31:07+00:00,🔥 Daily recap #driprecap🔥 $UAA 23C +300% Full send 🚀🚀 $ABBV 115C/116C swings +200% at high. 💪 $FB 335C +100% 🔥 $COST 500C +70% 😍 $GS 420C +150% 🤣 $RBLX and $XPEV didn't work. 🤷‍♂️ Swinging $AMC $NKE $BNGO $KSS $GS $COST 4 trades were scanned from @unusual_whales flow 🐳 https://t.co/8dO0MOVkzE,COST
2021-11-04 01:33:04+00:00,#OPTIONS IDEAS $MRK 90c &gt; 89.17 | 88p &lt; 88.21 $NIO 43c &gt; 42.21 | 40p &lt; 40.63 $BA 215c &gt; 213.76 | 210p &lt; 210.87 $JPM 172.5c &gt; 171.13 | 167.5p &lt; 169.15 LIKE FAST IF YOU READY TO BANK💎,BA
2021-11-04 19:26:37+00:00,"Our Long term, hold forever stocks👇🏼 $AAPL $HD $ABBV $PFE $KO $PG $MMM $VZ $JNJ $DUK $MSFT $JPM $VICI",KO
2021-11-06 13:44:33+00:00,@cperruna But the rotisserie chicken at $COST is still $4.99! 😂,COST
2021-11-06 16:13:38+00:00,This week is going to be crazy for earnings Monday: $PYPL $RBLX $EDIT $TTD $AMC $LMND $SPCE Tuesday: $NIO $PLTR $UPST $FUBO $PLUG $U $DASH $FLGT $COIN Wednesday: $FVRR $SOFI $WISH $AFRM $OPEN $BYND $DIS $GEVO $PGNY $MDAY Thursday: $BLNK $CPNG $LAZR $PSFE $WIX $GRWG $CELH $YETI,PYPL
2021-11-06 22:26:19+00:00,"PURE SPECULATION: @elonmusk dumps 10% shares. Leaves him with about $10-13 billion after taxes. $TSLA falls after momentum dies and Elon’s sale. When TSLA falls to a more reasonable level, say -20%, Elon executes his purchase options at a lower tax liability. Rest goes into $BTC.",TSLA
2021-11-08 03:45:59+00:00,$DIS ‘Eternals’ was the top movie in North America this weekend with $71M in box office sales,DIS
2021-11-08 21:23:56+00:00,PayPal $PYPL and Amazon $AMZN announced today a partnership that will let Venmo users pay with Venmo on Amazon starting in 2022,PYPL
2021-11-12 13:40:52+00:00,"So good,.. top notch $FB troll https://t.co/soK8Qidlue",META
2021-11-14 18:25:22+00:00,"$FB is valued lesser than $TSLA, with 3 times more revenue than Tesla and Gross Margin of 80% vs 20%. Go Figure!!",META
2021-11-15 00:20:23+00:00,🐳🚨@unusual_whales Watchlist🚨🐳 🌊@SharkofTraders Follow the Flow OG WL that was requested in the community by many🌊 👀These are the Alerts I’m eyeing👀 $BLNK $BBWI $MRK $UPST $SHOP $DIS $AAPL $SNDL $NEE FOLLOW THE FLOW with @unusual_whales Analysis👇 https://t.co/rH3QZ5yCgA https://t.co/XaZuKRGghf,DIS
2021-11-15 15:09:21+00:00,"Trust me when I say this, Elon doesn’t want true long term $TSLA investors to suffer. Elon always keeps us in the front, even before him. We’ll be back, be patient, and stay focused on the fundamentals, product, and the future of Tesla! 🌟",TSLA
2021-11-15 16:53:32+00:00,I have a $TSLA buying addiction,TSLA
2021-11-15 18:45:09+00:00,"$BA #chartidea This has been teasing a big move for long time but been sluggish so far Definitely some interest if bases over 230 level as weekly is ready, downside 226 retest level for adds as well Need to look more into this Any catalyst upcoming? https://t.co/zO9jb7LsVL",BA
2021-11-18 13:46:43+00:00,$DIS stock I will wet my toes 👣 at 126-135 Now 156,DIS
2021-11-21 19:39:54+00:00,11/22 Watchlist 🔮 $PLUG 47c &gt; 45.20 | 42p &lt; 43.75 $TTD 111c &gt; 109 | 105p &lt; 107 $PTON 49c &gt; 47.60 | 45p &lt; 46.70 $BA 222.5c &gt; 215.75 | 207.5p &lt; 212 $AMD 162.5c &gt; 157 | 150p &lt; 154.30,BA
2021-11-22 00:52:09+00:00,11/22 Options Watchlist $FSR 22c &gt; 21.85 | 20.5p &lt; 20.70 $NIO 40c &gt; 39.10 | 38p &lt; 38.00 $INTC 50c &gt; 49.73 | 49p &lt; 49.24 $RBLX 140c &gt; 137.41 | 130p &lt; 131.33 $AMD 160c &gt; 156.92 | 150p &lt; 153.44 199 likes for swing ideas! 🎁,INTC
2021-11-22 16:00:30+00:00,Stocks to Invest in the metaverse: $FB $NKE $RBLX $AMZN $MSFT $NVDA $DIS,DIS
2021-11-22 21:10:32+00:00,"11/22 Options Results $FSR 22c .95 to 1.27 (33%) $INTC 50c .37 to 1.02 (175%) $RBLX 130p 4.30 to 13.70 (218%) $AMD 160c 2.10 to 4.25 (102%) $NIO Gapped up, No retest. Like Fast for Tomorrow’s Picks💣 https://t.co/a4jymzkaql",INTC
2021-11-23 02:04:35+00:00,11/23 Top 3 $FB $355C &gt; $346.50 | $340P &lt; $340.25 $SNAP $51C &gt; $49.55 | $48P &lt; $47.45 $PENN $55C &gt; $54.10 | $51P &lt; $51.85 Every night I also look at @AdamSliverTrade's watchlist and chart the levels on my own before looking at his levels. This is a huge way to learn and grow.,META
2021-11-23 20:57:54+00:00,"Companies within 10% of their 52-week highs have a lot in common: large-to-mega cap, good but not hyper growth, scale, a perception of safety, and big buyback programs: - $INTU - $CRM - $MSFT - $ADBE - $ORCL - $NOW - $AMZN - $GOOGL - $NFLX Oh, and $TSLA of course 🙃",CRM
2021-11-23 23:22:46+00:00,"Consortium of 70 Japanese companies including 3 megabanks are to begin experimental launch of a digital currency. Jasmy ( $JASMY ) know’s data is what makes the likes of Alphabet ( $GOOGL, $GOOG ), Meta aka Facebook ( $FB ), Microsoft ( $MSFT ) so profitable. $0.20 now, PT $15",GOOG
2021-11-27 11:02:31+00:00,The last generation had $AMZN $GOOG $NFLX $AAPL $NVDA $NKE $SBUX What will be the next mega companies for the this generation? My opinion: $TSLA $ABNB $UBER $SQ $SPOT $SNOW $MRNA What do you guys think?,NFLX
2021-11-27 16:40:00+00:00,$CRM Weekly retesting the breakout level. https://t.co/8SaNJATNze,CRM
2021-11-28 04:31:09+00:00,$AMZN Expecting Strong E-comm Holiday Against Tough Comps &amp; Return to B&amp;M; Supply &amp; Labor in Focus; AMZN Well-Positioned - JPM OW PT $4350 https://t.co/YeX9Q5IPLr,PG
2021-11-28 04:31:09+00:00,$AMZN Expecting Strong E-comm Holiday Against Tough Comps &amp; Return to B&amp;M; Supply &amp; Labor in Focus; AMZN Well-Positioned - JPM OW PT $4350 https://t.co/YeX9Q5IPLr,AMZN
2021-11-28 04:31:09+00:00,$AMZN Expecting Strong E-comm Holiday Against Tough Comps &amp; Return to B&amp;M; Supply &amp; Labor in Focus; AMZN Well-Positioned - JPM OW PT $4350 https://t.co/YeX9Q5IPLr,MSFT
2021-11-28 16:02:48+00:00,"“Five units of Model Y have already been completed at the Gigafactory near Berlin, though not on the production line. In January, serial production will start with 1,000 cars per week and gradually increase, according to Automobilwoche” — Bloomberg $TSLA ⁦@elonmusk⁩",TSLA
2021-11-30 03:02:47+00:00,"It's not just one name, the whole software sector like $TWLO $FSLY &amp; E-Commerce could be a once-a-decade opportunity if $ROKU &gt; 176-202, $PYPL &gt; 169, $TWLO &gt; 216, $FSLY &gt; 33, Wave 3 targets (684, 414, 700, 150+) could be 2X-3X in mid-late 2022, with LT Wave 5 targets even higher https://t.co/mRdDGBaMZK",PYPL
2021-12-01 00:43:54+00:00,"BREAKING: Tesla releases limited edition “The Competition Is Coming” condoms, $69 for 10 pack with bonus TSLAQ Tear-based lube. Won’t last long. Get in fast.. $TSLA",TSLA
2021-12-02 16:39:58+00:00,Welcome to Texas @elonmusk @Tesla! https://t.co/Xl1EVGAHi2,TSLA
2021-12-05 16:01:24+00:00,I have 300+ stocks on my watchlists and the only ones that I see trading above the 21d EMA are: $ZIM $NVDA $QCOM $RBLX $MRNA $INTU $MRVL $LCID $ON $COST $AAPL $TSM $PFE $NEE $TMO $TJX $CSCO $PG $CVX $ABBV $TXN $ABT $LRCX $SHW $LEN $DHI $VFC $PEP $ZTS $AMT $REGN Did I miss any?,COST
2021-12-05 19:39:42+00:00,"12/6 Watchlist 🌊 $PFE: Big 55c &amp; 56c volume on Fri. Watching closely. $V: Can't ignore the 200c volume. Looks good either way. 🎲 $INTC: Flow stays heavy, 50c 🔨 $WMT: 140c looking good for a bounce! Credit: @unusual_whales 🐳 https://t.co/EGtc1t0Ahk",INTC
2021-12-05 23:03:04+00:00,$TSLA - Above 1000 - Trade Idea 💡 - Dec 10 1100C $TSLA - Under 979 - Trade Idea 💡 - Dec 10 900P Closed at 1014.96 If TSLA can hold 978 it can bounce 50-70 pts this week - $AAPL $AMD $AMZN $BA $FB $LCID $MSFT $NFLX $NIO $NVDA $MRNA $ROKU $SNAP $SPCE $SPX $SPY $SQ $ZM https://t.co/CyY9frU8zG,BA
2021-12-06 11:14:05+00:00,"TSMC founder Morris Chang said he doubts Intel CEO Pat Gelsinger can restore Intel to its former glory, media report. Intel's mandatory retirement age is 65-years old, and as Gelsinger is already 60, Chang does not believe he has enough time. $INTC $TSM #semiconductor",INTC
2021-12-06 13:37:52+00:00,#driplist intraday/scalp Bull $PFE $GS $MGM $GIS $ABBV Bear $LCID $CRM $PDD $BABA Watching $TSLA $NVDA $MRNA $SAVA,CRM
2021-12-06 19:57:14+00:00,$DIS #DIS V reversal starting to try and play out. https://t.co/68TQPQrLJv,DIS
2021-12-06 22:36:31+00:00,12/7 Watchlist 🔮 $TWTR 46c &gt; 45.00 | 43p &lt; 43.90 $DIS 155c &gt; 151.50 | 145p &lt; 149.50 $INTC 52c &gt; 51.20 | 50p &lt; 50.75 $RIOT 31c &gt; 29.10 | 26p &lt; 27.20 $LI 32c &gt; 31.05 | 28p &lt; 29.80,DIS
2021-12-07 16:04:41+00:00,"Made $83k with $SQ today 😁. This feeling never dulls! So much fun making money in the stock market! I post all of my trades in The Wealth Squad! We made over 100% on $DIS today also and another big win with $MARA , $BAT, etc! 🔥 https://t.co/6yjs4UUtRE https://t.co/zM02CD75vS",DIS
2021-12-08 20:07:14+00:00,I absolutely loaded $PYPL $DIS $SQ and $Z last week. Room confirm 👇,PYPL
2021-12-08 20:28:02+00:00,"$PYPL #PYPL Technically the %R and RSI are showing this move hasn't even happened yet. However, people are up big over the last few days on this move so do what works for YOU. https://t.co/uGj1TEvrdj",PYPL
2021-12-08 22:53:07+00:00,Most cloud businesses have reported their earnings. The Rule-of-40 chart below shows: X: Revenue Growth Y/Y Y: Operating Margin TTM (includes SBC) 🟢 Growth+Profit &gt; 40% $CRWD $DDOG $SHOP 🟡 20% - 40% $CRM $NET $TWLO $ZS 🔴 &lt;20% $OKTA $MDB $PATH $U https://t.co/ssxwQbZqCC,CRM
2021-12-11 03:55:17+00:00,$CRM #CRM Another one that has treated us well this year. Like: -Nice bounce at the volume shelf -Holding the anchored VWAP handoff -History of bouncing at the anchored VWAP -Primary trend is up Dislike: -FOMC next week (this goes for any name I post) https://t.co/C0neCMhI2m,CRM
2021-12-11 23:30:00+00:00,$DIS 🐭 The Mouse puts up a fight! Reversal off the ⚓️ VWAP? https://t.co/YDHGJEZGPf,DIS
2021-12-13 00:05:00+00:00,#LT's Weekly Watchlist for 12/13 - 12/17 📊 $WMT ⬆️141: 142c $COST ⬆️561: 570c $MSFT ⬆️342: 345c $SNOW ⬆️375: 380c $TSLA ⬆️1025: 1050c $HD ⬆️416.50: 420c $GOOGL ⬆️2973: 3000c $FB ⬆️332: 335c $CAT ⬆️206.20: 207.50c $LRCX ⬆️715: 720c $FDX ⬆️250: 255c Good luck everyone!😀,COST
2021-12-13 10:50:16+00:00,*JPMORGAN RAISES APPLE PRICE TARGET FROM $180 TO STREET HIGH $210/SHARE $AAPL https://t.co/V4JREfI9AM,AAPL
2021-12-13 14:14:24+00:00,#driplist intraday Bear $PTON $NFLX $INCY $CHKP Bull $HD $LOW $NVAX,NFLX
2021-12-14 00:14:52+00:00,$DIS says they will not extend their agreement with $GOOGL YouTube,DIS
2021-12-15 00:44:27+00:00,"12/15 Watchlist 🌊 $NVDA: Volume on 300c, top watch 🔨 $FB: 340c got the hammer as well, OTM. $AMC: Can't deny the movement potential and volume here. Watching 27c 📽️ $KO: Tons of call flow, great chart. Boomer stonk. Data: @unusual_whales https://t.co/PDBRzDladI",KO
2021-12-15 01:46:16+00:00,"$AAPL ALGO FLOW DIVERGENCE 👇 Would be great if we either dip to 171 or further to 166. As long as algo remains bullish, will look to get into calls. This is a good sized divergence. https://t.co/3Itt3c7etD",AAPL
2021-12-15 20:29:30+00:00,very strong action from semis $AMD $NVDA. Leading group if we rally from here,AMD
2021-12-17 01:10:04+00:00,This could just be the best time to get in before $TSLA takes off in the new year ...,TSLA
2021-12-18 02:00:03+00:00,"Here's a weekly update on Tesla, Apple, ROKU, Nvidia, AMD, Bitcoin, First Solar, AMC, Square, $QQQ and $SPY Tech $TSLA $AAPL $NVDA $AMD $NFLX $AMZN Value &amp; Reopening $PFE $AAL $CWH $XLV $XLI Growth &amp; Crypto $XPEV $NIO $ENPH $FSLR $ROKU $SQ $BYND $ETH $BTC https://t.co/Foqe5iEEpA",AAPL
2021-12-18 02:00:03+00:00,"Here's a weekly update on Tesla, Apple, ROKU, Nvidia, AMD, Bitcoin, First Solar, AMC, Square, $QQQ and $SPY Tech $TSLA $AAPL $NVDA $AMD $NFLX $AMZN Value &amp; Reopening $PFE $AAL $CWH $XLV $XLI Growth &amp; Crypto $XPEV $NIO $ENPH $FSLR $ROKU $SQ $BYND $ETH $BTC https://t.co/Foqe5iEEpA",PG
2021-12-18 02:00:03+00:00,"Here's a weekly update on Tesla, Apple, ROKU, Nvidia, AMD, Bitcoin, First Solar, AMC, Square, $QQQ and $SPY Tech $TSLA $AAPL $NVDA $AMD $NFLX $AMZN Value &amp; Reopening $PFE $AAL $CWH $XLV $XLI Growth &amp; Crypto $XPEV $NIO $ENPH $FSLR $ROKU $SQ $BYND $ETH $BTC https://t.co/Foqe5iEEpA",AMZN
2021-12-18 02:00:03+00:00,"Here's a weekly update on Tesla, Apple, ROKU, Nvidia, AMD, Bitcoin, First Solar, AMC, Square, $QQQ and $SPY Tech $TSLA $AAPL $NVDA $AMD $NFLX $AMZN Value &amp; Reopening $PFE $AAL $CWH $XLV $XLI Growth &amp; Crypto $XPEV $NIO $ENPH $FSLR $ROKU $SQ $BYND $ETH $BTC https://t.co/Foqe5iEEpA",MSFT
2021-12-20 18:03:30+00:00,One of the impressive things w/ the giant fintech outcomes - is the # of years they durably compound and gradually gain scale. $PYPL $200B+ (22 years) $SHOP $160B+ (15 years) Stripe $95B+ (12 years) @SQ $80B+ (12 years) Decades of 30-70% annual growth. Few 100%+. And that's ok. https://t.co/4auusW3okM,PYPL
2021-12-21 00:35:00+00:00,$BA awarded $329 million Air Force contract,BA
2021-12-21 21:11:04+00:00,Sub rooms in shambles 🔒 Twitter has provided fills @ lows for. $BA 185 now 198 $PYPL ✅ $TSLA sub 890 now 938 $IWM 209 now 218 $COIN 232 now 247 $DBX b4 best day since March $SE ✅ $AMZN ✅ ❤️ to make a sub seller cry,BA
2021-12-23 04:13:28+00:00,"Picture: If you like it, just buy it. Even you don't buy it today, you will buy it later anyway. P'Kwang: 🥲 Gun: Goog, good, good na https://t.co/4iaQbkMk5h https://t.co/dtGy6suj8U",GOOG
2021-12-23 23:50:32+00:00,"TW Elite Lotto Trades 12/23/21 Total of 8 trades today, great day for myself and The Elite. 👊 $AMD 145C +244% $CHWY 58C +680% $DIS 152.5C +254% $MSFT 335C +164% $AAPL 175C +27% $MSFT 335C +23% $NVDA 300C +85% $TSLA 1070C +102% * % gain measured from entry to HOD * https://t.co/ReoWBzBFZs",AMD
2021-12-24 16:50:12+00:00,"Merry Christmas to you too,@Tesla @elonmusk 😄❤️ https://t.co/wdd5UcuhPN",TSLA
2021-12-27 22:19:30+00:00,Tuesdays watch $AAPL $AFRM $AMAT $CRM $CROX $ENPH $FB $NVDA $TQQQ $UAA good luck traders 👇🏻👇🏻 https://t.co/ZxLmt7l1AQ,CRM
2021-12-28 12:42:17+00:00,"Probably Nothing. Just Google and Chainlink powering $Link Nodes in $GooG Clouds as a network operator, offering its infrastructure to helping WEB3 Blockchain companies scale. Just $Link helping companies scale to the massive network effects. https://t.co/NYI6jHkZip",GOOG
2021-12-29 18:32:40+00:00,Technology ETFs have been a great place for investors money the past 5 years with strong growth Here are 3 of my TOP Technology ETFs: $VGT Vanguard Information Technology $XLK Technology Select Sector SPDR $QQQ Invesco QQQ Top Holdings Include: $AAPL $MSFT $NVDA $V $CRM $TSLA,CRM
2021-12-30 05:09:17+00:00,#driplist intraday list for tomorrow Bull $NVDA $UBER $AA $ABT $FDX $NKE Bear $TSLA $DKNG $ROKU Watching $NIO $AMZN $COST,COST
2021-12-30 15:33:28+00:00,Pelosi bought: - 100 $CRM $210 calls 01/20/2023 - 30 $CRM $210 calls 01/20/2023 - 50 $DIS $130 calls 09/16/2022 - 10 $GOOG $2000 calls 09/16/2022 - 100 $MU $50 calls 09/16/2022 - 100 $RBLX $100 calls 01/20/2023 She's playing options almost exclusively. Incredible.,CRM
2021-12-31 00:54:00+00:00,"Here are Pelosi's $DIS buys. She was the $DIS volume that day. She also traded 3 minutes before close. Instead of legislating, the most powerful politician is playing the final minutes of the market, looking for deep ITM plays. It is baffling. Link: https://t.co/zW0l6tpjTA https://t.co/Ul2JBKjqpu",DIS
2021-12-31 10:11:47+00:00,"Apple Inc. secured the top spot for phone sales in China for a second straight month in November, according to market research data, driven by the success of the iPhone 13 series. https://t.co/UFikfn3ajb $AAPL",AAPL
2021-12-31 21:56:46+00:00,FAANNGM Final 2021 % Performance: F $FB +25.06% A $AAPL +37.21% A $AMZN +4.63% N $NFLX +15.22% N $NVDA +124.27% G $GOOG +67.43% M $MSFT +54.49% Lod have mercy.,NFLX
2022-01-02 15:10:43+00:00,"""It almost doesn’t matter what you know... It’s execution that’s everything.” Andy Grove, former CEO- $INTC",INTC
2022-01-03 03:52:56+00:00,"My 2022 $TSLA Production and Delivery Estimate: FREMONT Model 3 &amp; Y: 480-520k Model S &amp; X: 70-90k SHANGHAI Model 3 &amp; Y: 980-1,080k BERLIN &amp; TEXAS Model Y: 300-400k TOTAL Bull case: ~2.1M Bear case: ~1.8M I assume deliveries = production",TSLA
2022-01-03 04:32:27+00:00,FourToEight’s January Watchlist 👀 💰FinTech: $SQ $SOFI $PYPL $AFRM 🚗EV: $TSLA $LI $XPEV $NIO 💻E-Commerce: $AMZN $SE 💸Crypto: $COIN $MARA $RIOT 🎥Entertainment: $DIS $SPOT 🔮Metaverse: $NVDA $AMD $RBLX $FB,PYPL
2022-01-04 04:37:11+00:00,I found a video of me and my office in 2006. It’s amazing to watch. The tech we used. The news of the time. The stocks we liked (apple) It’s crazy how far we’ve come in 15 years. Imagine the next! $GK $AAPL,AAPL
2022-01-04 11:30:00+00:00,🚂January 4 Watchlist 🐳Powered by @unusual_whales $BA $PYPL $SNAP $FB $AMD https://t.co/aqAlzfTXCb,PYPL
2022-01-04 12:26:27+00:00,"Despite mounting evidence of human rights abuses and genocide in Xinjiang, this decision by @Tesla is deeply unacceptable and shameful. Companies cannot remain complicit in the ongoing persecution of Uyghur Muslims. https://t.co/8qqDJ5acX4",TSLA
2022-01-04 15:27:58+00:00,Not bad let’s hope it sells for that price @AMD https://t.co/u8R5VdbZ57,AMD
2022-01-04 17:15:16+00:00,Hybrid work needs hybrid protection. @AMD supports the Microsoft Pluton processor. To learn more visit https://t.co/HTNtJ75Wu2.,AMD
2022-01-05 18:29:57+00:00,$CRM is down more than 6% today https://t.co/Qz9CstmmbY,CRM
2022-01-06 21:05:03+00:00,Which stocks did TipRanks investors buy &amp; sell in December? 9/10 of the most sold stocks were the same names as November. #Palantir dropped off the list and #Microsoft reentered. $NIO $TSLA $AAPL $NVDA $BABA $LCID $FB $MSFT $PYPL $AMZN : https://t.co/A1vXwC2rkx https://t.co/jeO79prUuM,META
2022-01-07 15:54:09+00:00,Bought more at $1032 in both accounts. This is too insane to not load this 18% dip in 3 days. $TSLA,TSLA
2022-01-07 17:30:05+00:00,"We took a look at the #buy transactions of TipRanks investors and learned that 2 out of the 3 most bought stocks remained the same, but $Nio replaced @Meta Platforms as the 3rd most bought stock. $DIS $AAPL $TSLA $NVDA $FB $MSFT $PYPL $BABA $AMZN More: https://t.co/A1vXwC2rkx https://t.co/JeKfn881Jn",DIS
2022-01-10 01:43:13+00:00,TW #FocusList 🛰 $AMZN Calls &gt;3342.53 | Puts &lt;3238.74 $BA Calls &gt;218.93 | Puts &lt;207.86 $LCID Calls &gt;43.29 | Puts &lt;40.63 $QQQ Calls &gt;387.35 | Puts &lt;377.47 Good luck traders! https://t.co/fpV0ryd8Oa,BA
2022-01-10 15:37:16+00:00,"Poster child for why this is mindless sector rotation: $KO (Coca-Cola) '22 rev growth est: 6%, 21x EBITDA $FB: 19%, 12.5x EBITDA https://t.co/L8kb3WsQgt",KO
2022-01-10 17:53:50+00:00,HOW TO use @unusual_whales Flow + Pattern to Scalp Monster Moves!💰💵 $MRNA ✅Relative Strength Against Market ✅Bullish flow all day ✅Flat top pattern ✅Going after OTM Pattern + Flow + RS = 💰💵 Chart @TrendSpider $NVDA $AMD $ROKU $TSLA $AMZN $NFLX #investrLessons https://t.co/3bqPJlpx1C,NFLX
2022-01-10 19:17:16+00:00,"$AMD #tradingtips #emaclouds Example of Intraday EMA Clouds reversal earlier Reclaimed 34-50 for first time in few days, see if it holds that on 10 minute here https://t.co/TNp6srVUHp",AMD
2022-01-12 14:50:50+00:00,"$BA lets go, targets 220, 221.84, 222.5, 225, 227.35 #alert",BA
2022-01-12 15:51:21+00:00,EXCLUSIVE: Unusual Whales Creates 'Nancy Pelosi ETF' So You Can Track Her Trades $AAPL $AMZN $CRM $TSLA $RBLX $DIS $NVDA $MU #stockstowatch #nancypelosi https://t.co/AdOWfX0UPY via @benzinga @unusual_whales,CRM
2022-01-12 19:09:49+00:00,"Apple Total Returns... 1-Year: +37% 2-Year: +129% 3-Year: +374% 5-Year: +522% 7-Year: +592% 10-Year: +1,260% 15-Year: +5,880% 20-Year: +54,320% 25-Year: +125,400% Since IPO in Dec 1980: +174,500% $AAPL",AAPL
2022-01-12 20:34:05+00:00,$AAPL price target set at $200 at Morgan Stanley,AAPL
2022-01-13 00:21:05+00:00,1/13 Watchlist 🌊 $NVDA: 285c &amp; 290c have my main attention. 290 very possible EOW. $MSFT: 320c &amp; 325c had massive vol. 2nd top watch $FB: Can't ignore the weekly 335c and 340c vol. $BA: Feels like a magnet above 220. I'm watching 220c and 222.5c Data from @unusual_whales 🐳 https://t.co/NskecLopDd,BA
2022-01-13 03:21:40+00:00,HIGH CONFIDENCE WATCHLIST FOR 01/13/22 : - $DIS Calls above 158.22 Puts under 157.25 - $PFE Calls above 56.83 Puts under 56.37🚀 - $UBER Calls above 43.7 Puts under 42.54 - $AAPL Calls above 176.4 Puts under 175🔥 75❤️'s FOR AN ANNOUNCEMENT SOON!👀 (Flow: @unusual_whales)🐋 https://t.co/78424ZQKlx,DIS
2022-01-14 07:19:04+00:00,"IDN Times, Indonesia ""These 9 Female KPop Idols Have Visuals Similar to Disney Princesses 1.With long black hair and a V-shape face, #Hwasa is the perfect visual to portray Jasmine from the movie 'Aladdin' "" 🔗https://t.co/t2O3rElgI3 마마무 화사 #화사 #华莎 #ファサ Goog trans https://t.co/h3AwTQCZLm",GOOG
2022-01-15 16:34:21+00:00,$PYPL #PYPL Bears won out on this one. The next level below is around $170. https://t.co/7IJKWyPZFu,PYPL
2022-01-16 18:23:59+00:00,TW #FocusList 🛰️ $BA Calls &gt;226.89 | Puts &lt;220.05 $KO Calls &gt;61.45 | Puts &lt;60.36 $MU Calls &gt;98.45 | Puts &lt;91.04 $NIO Calls &gt;31.86 | Puts &lt;30.08 Good luck traders! https://t.co/ykvfbzG3ef,KO
2022-01-16 22:57:24+00:00,$BA Looking at a potential breakout as the weekly MACD begins to show signs of some bullish momentum. https://t.co/zAWQEzHWH7,BA
2022-01-18 00:00:13+00:00,🚂January 18 Watchlist 🐳Powered by @unusual_whales $LVS $DIS $LCID $UBER $JPM https://t.co/ZpLuMYg3iC,DIS
2022-01-18 21:03:04+00:00,"Ah well, looks like we’ll have to wait another day for that red to green… No moves, and not much green to speak of Btm $SHOP $SE $PYPL $APPS $AMZN $TTD $MGNI $AMD $FB $SOFI Not to worry, tomorrow is a new day 😊 🦜 https://t.co/qDPjQgn1MY",PYPL
2022-01-20 21:06:43+00:00,$NFLX put holders https://t.co/ytVysBunyS,NFLX
2022-01-20 22:13:41+00:00,"Netflix Q4 revenues were up 16% over the prior year, its slowest YoY growth rate since 2012. $NFLX Data via @ycharts https://t.co/GtsJj2ZfpV",NFLX
2022-01-21 01:30:37+00:00,Here's the intro of today's #MarketOutlook video from @MarketScholars Watch the full video here: https://t.co/K6MFZkbBbw Mentioned: $SPY $SPX $QQQ $COMP $IWM $RUT $UUP $TLT $TNX $USO $EEM $EFA $VIX $MSFT $AMZN $BABA $JD $PDD $BIDU $NFLX $DIS $LEG $BMY $TSLA $WMT $PM $MO $BBY https://t.co/uIm6yDdpZ6,DIS
2022-01-21 13:53:43+00:00,I spoke with @intel CEO @PGelsinger this morning about the $INTC $20B chip fab commitment in Ohio. Site is within a 3-hour drive of 5 other states. Follow-on economic impact of such a site is huge for the Midwest. @SquawkCNBC https://t.co/bAsjSeEAf6,INTC
2022-01-21 16:52:00+00:00,A story in two parts. You're a bad man Jim Cramer. @jimcramer $NFLX https://t.co/vboNFduO6j,NFLX
2022-01-22 19:05:06+00:00,So nobody believes in my $NFLX conspiracy that strategically it makes sense to show that industry margins are low at scale? Kinda screws the entire industry mid-pivot.,NFLX
2022-01-22 20:45:56+00:00,Most Anticipated Releases $AAPL $BA $GE $HAL $INTC $JNJ $MSFT $TSLA $T $VZ https://t.co/uM1KBBIg4U https://t.co/EAn3wNzgpX,BA
2022-01-23 16:30:00+00:00,Video is Up! Topics: - using @unusual_whales to find tickers to learn (small account) - How to learn a ticker to trade anyday - $PYPL story - Trading Price Action + more info on Feb 2022 @AdamSliverTrade Loading.... 🦜🎙️ Link: https://t.co/Ht0NROdY1Q,PYPL
2022-01-23 22:49:02+00:00,"Intel's recently announced $20 billion chip manufacturing complex in Ohio will include two new plants but could expand to as many as eight, counting it among the largest semiconductor manufacturing locations globally. #chipshortage #supplychain $INTC https://t.co/cQMhVj5ZJn",INTC
2022-01-24 16:11:51+00:00,$NFLX now at a -17 on the MACD. Never seen that before in all the time I've been trading. I'm buying the fear and way oversold level here.,NFLX
2022-01-25 11:36:13+00:00,You can find dividend stocks in many different sectors💰 Tech💰 $AVGO $TXN $MSFT $INTC Industrials💰 $CAT $HON $LHX $MMM Retail💰 $WMT $TGT $COST $HD Healthcare💰 $PFE $JNJ $MRK $ABBV Real Estate $O $PLD $STAG $MAIN,INTC
2022-01-25 15:15:31+00:00,"Market #update VIX is holding uptrend and held key 33 level and most names under 34-50 EMA 10 min bearish trend for most. $TSLA showing some relative strength holding 900 level $FB losing 300, $NVDA $AMD $AMZN all bearish $DWAC Strong Will watch VIX 35.50 next level",MSFT
2022-01-25 15:15:31+00:00,"Market #update VIX is holding uptrend and held key 33 level and most names under 34-50 EMA 10 min bearish trend for most. $TSLA showing some relative strength holding 900 level $FB losing 300, $NVDA $AMD $AMZN all bearish $DWAC Strong Will watch VIX 35.50 next level",AMZN
2022-01-25 15:15:31+00:00,"Market #update VIX is holding uptrend and held key 33 level and most names under 34-50 EMA 10 min bearish trend for most. $TSLA showing some relative strength holding 900 level $FB losing 300, $NVDA $AMD $AMZN all bearish $DWAC Strong Will watch VIX 35.50 next level",PG
2022-01-27 23:34:51+00:00,1/28 Watchlist: $SQ over 107.9 | under 103.4 $BABA over 113.4 | under 112.3 $BA over 191.5 | under 187 Small Accounts: $NIO over 21.6 | under 20.8 $PLTR over 12.56 | under 12.08 $XOM over 75.5 | under 74.4 Flow from @unusual_whales Live breakdown: https://t.co/LOxwmwkKVh https://t.co/wa5Wtj8lda,BA
2022-01-29 01:40:00+00:00,$NFLX CEO Hastings Buys ~$20 Million in Stock Following Sell-Off,NFLX
2022-01-30 18:30:27+00:00,Published and shared my weekly plan for all due to 💯 K 😊 #ES_F $SPX $NDX $SPY $ES_F $SMH $NVDA $AMD $ARKK $PLTR $PTON $HOOD $COIN https://t.co/0JirfRxqBo,AMD
2022-01-31 11:20:14+00:00,Looking for Value Stocks? Buy these: $MMM $KO $PG $MO $WMT $CAT Looking for Growth stocks? Buy these: $TSLA $FB $AMZN $SQ $GOOGL $BABA Want the best of both worlds? Buy these: $AAPL $V $LOW $COST $MSFT $UNH,KO
2022-01-31 19:03:55+00:00,Gentle reminder $Amzn is now 3000 I gave 2700 $goog now 2700 gave 2500 $tsla is 933 gave 800 There are many more Powered by orderflow,GOOG
2022-02-01 20:26:34+00:00,CASINO 🎰 $EA puts for ER $AMD calls for ER $WM calls for ER $PYPL calls for ER $GM calls for ER $SBUX calls for ER $GOOGL calls for ER $MSTR puts for ER,AMD
2022-02-01 21:12:44+00:00,"I know splits are just math but I get why $GOOG is up on this split. Options become relevant and there are no baby shares now so new, smaller investors can buy after split. Net net though it doesn’t change the story for me.",GOOG
2022-02-01 21:58:48+00:00,"Here's an idea, $AMZN does a 20-to-1 stock split also and both $GOOG and $AMZN qualify to get added in the Dow Jones and take hot mess Intel and IBM out of their misery.",GOOG
2022-02-02 01:18:51+00:00,Imagine being still being short the market from last week. $AAPL ER and now $GOOGL you need a prayer at this time to get some relief. Now this is what I call a bear fucker.,AAPL
2022-02-02 03:31:49+00:00,Pelosi - still the world’s best trader. $GOOGL Next up $CRM has 2 trenches of that.,CRM
2022-02-02 14:30:38+00:00,A special message from $PYPL's EBITDA growth. https://t.co/uSyOUrJ3Ep,PYPL
2022-02-02 16:46:11+00:00,Uncanny... $ARKK $SHOP $SQ $PYPL https://t.co/Cru0zrbzKJ,PYPL
2022-02-02 19:05:19+00:00,"With the @HCS NA Regional Finals on the horizon, let's look back at some of the best moments from the first-ever #HaloInfinite LAN. Here are your HCS Kickoff Major Raleigh @AMD Power Plays! https://t.co/5Hx7xYZ2zh",AMD
2022-02-02 21:50:26+00:00,An earnings miss is doing what no scandal could. 21% drop in after-hours trading so far. $FB https://t.co/0BEVDVflf5,META
2022-02-03 01:16:02+00:00,Hey guys I own $FB! Tomorrow I will be down. Real money Six figures. I didn't short it before earnings or sell the top. That's called Honesty. Beware of the people who are always on the right side of the trade! Stick to integrity and truth w real guys like @cvpayne #StockMarket,META
2022-02-03 03:00:59+00:00,"Social Media 1. If I delete Facebook / Instagram, life will be as usual 2. If I delete WhatsApp, I won't be able to connect personally &amp; professionally 3. If I delete Twitter / Google, I'll be impacted significantly in my daily life Big Money will move soon from $fb to $goog",META
2022-02-03 14:53:41+00:00,#crypto is too volatile... In the meanwhile all major tech stocks gap -25% 😂😂😂 $NDX $SPX $FB $TWTR $PYPL $AMZN,PYPL
2022-02-03 15:07:51+00:00,Added to $FB.,META
2022-02-03 15:16:22+00:00,$PYPL valuation round trip: https://t.co/eYhf8I3of5,PYPL
2022-02-03 18:54:56+00:00,"Since AMZN is trending, important to note they have recently endorsed my #StatesReformAct which would federally de-schedule cannabis. See more here: https://t.co/Ld2xxWGScG",MSFT
2022-02-03 18:54:56+00:00,"Since AMZN is trending, important to note they have recently endorsed my #StatesReformAct which would federally de-schedule cannabis. See more here: https://t.co/Ld2xxWGScG",PG
2022-02-03 18:54:56+00:00,"Since AMZN is trending, important to note they have recently endorsed my #StatesReformAct which would federally de-schedule cannabis. See more here: https://t.co/Ld2xxWGScG",AMZN
2022-02-03 21:02:21+00:00,Told you. $amzn.,MSFT
2022-02-03 21:02:21+00:00,Told you. $amzn.,PG
2022-02-03 21:02:21+00:00,Told you. $amzn.,AMZN
2022-02-03 23:01:32+00:00,Gene Munster said he would have expected $AMZN to be down after today's earnings release,PG
2022-02-03 23:01:32+00:00,Gene Munster said he would have expected $AMZN to be down after today's earnings release,MSFT
2022-02-03 23:01:32+00:00,Gene Munster said he would have expected $AMZN to be down after today's earnings release,AMZN
2022-02-04 03:32:03+00:00,"Facebook bought Occulus for $2.3 billion in cash and stock in March 2014. Here we are 8 years later. Facebook has rebranded around the tech, and is losing $10 billion a year on it. Eight years later, why is this business suddenly going to turn around? $FB",META
2022-02-04 13:58:44+00:00,Shout out to $AMZN for saving the market for 4 hours. Back down we go,AMZN
2022-02-04 13:58:44+00:00,Shout out to $AMZN for saving the market for 4 hours. Back down we go,MSFT
2022-02-04 13:58:44+00:00,Shout out to $AMZN for saving the market for 4 hours. Back down we go,PG
2022-02-04 14:16:44+00:00,"damn... $PYPL might be going for the VWAP from the IPO no such thing as ""down too much"" when there are still sellers same message as the last 150 pts, it is not a ""dip"" when below declining 20 &amp; 50 DMAs https://t.co/M7y1ard1wR",PYPL
2022-02-04 23:37:14+00:00,Top setups into next week: $CRM $ROKU $U $MU $TSLA,CRM
2022-02-05 11:31:10+00:00,"After $FB puked an entire Intel this week, I am happy to report that everyone (including the blind) is waking up to the fact that what was mistaken for incredibly unique profit generators are actually just puppets of inflated multiples fueled by deep negative real rates 🤡",META
2022-02-05 11:49:05+00:00,"1/x Time Taker and Time Giver - Explaining the diverging fortunes of $GOOG vs. $FB, $NFLX &amp; $SNAP. A thread on different competitive landscapes faced by the two groups of companies.",GOOG
2022-02-06 16:56:09+00:00,TSLA vs GOOG vs AMZN. https://t.co/rZXqT67dUY,AMZN
2022-02-06 16:56:09+00:00,TSLA vs GOOG vs AMZN. https://t.co/rZXqT67dUY,MSFT
2022-02-06 16:56:09+00:00,TSLA vs GOOG vs AMZN. https://t.co/rZXqT67dUY,PG
2022-02-06 17:56:00+00:00,$DIS DD🧑‍🚀 • $DIS reports earnings after the close on Wednesday and it can impact $NFLX &amp; $ROKU 🧐 • If $DIS delivers strong numbers on earnings a rocket to 160 plus is possible🚀 • If $DIS misses on earnings the downtrend can continue to 120🐻 • Flow @unusual_whales 🐳 https://t.co/8xJmNeorhr,DIS
2022-02-07 17:50:52+00:00,When institutions dump stocks like they did with $FB you don’t want to be buying the dip in bear markets. 2008 trenches taught us a lot.,META
2022-02-07 22:03:20+00:00,Last 5 years: $TSLA - 17.5x return $FB - 70% return $TMO - 3.8x return $CSU.TO - 3.6x return $MSFT - 4.7x return $RGEN - 6.8x return $POOL - 4.2x return $LRCX - 4.8x return $COST - 3x return $ODFL - 5.2x return Somewhere in there is a lesson.,META
2022-02-08 11:35:32+00:00,"2/ I continue to think $AAPL, $AMZN, $GOOG (owns Fitbit) or dare I say $FB winds up with $PTON. Peloton remains a fabulous fitness brand, and offers huge opportunity for leverage into the VR fitness space. I don’t see the fit with $NKE, $DIS or Sony. Mgmt owns &gt;50% voting shares.",GOOG
2022-02-08 16:45:55+00:00,"1. The market has lost faith in $FB. We haven’t, here’s why:",META
2022-02-09 12:34:31+00:00,"Remember last Q when $ORCL mocked $AMZN and said Oracle cloud never goes down like AWS Like I said earlier,pretty hard to have any downtime when nobody uses it https://t.co/hfM7p4OG1v",AMZN
2022-02-09 12:34:31+00:00,"Remember last Q when $ORCL mocked $AMZN and said Oracle cloud never goes down like AWS Like I said earlier,pretty hard to have any downtime when nobody uses it https://t.co/hfM7p4OG1v",PG
2022-02-09 12:34:31+00:00,"Remember last Q when $ORCL mocked $AMZN and said Oracle cloud never goes down like AWS Like I said earlier,pretty hard to have any downtime when nobody uses it https://t.co/hfM7p4OG1v",MSFT
2022-02-09 21:03:21+00:00,"Solid hump day! Love the strong close ❤️ Sold the $PTON puts and $PYPL calls at the open, no other moves 🔝 $SE $SHOP $SQ $APPS $CRWD $ATY $AMD $UPST $TTD $FB $ROKU $U Hope you guys all had a monster day, let’s hear it 👇 🦜 https://t.co/9UHkzZUxpv",PYPL
2022-02-09 22:53:09+00:00,$DIS CEO says 'Encanto' proves Disney+ can build franchies,DIS
2022-02-11 17:20:15+00:00,"Bill Nygren talks $NFLX, $FB, $AMZN, $AAPL , $MSFT, $CHTR, $GE NFLX framework Paying $800/sub, content spend $76/yr per sub, earn $180/yr per sub. 21% return/sub. As subs grow, content spend/sub decreases. No Excel needed https://t.co/wEBhbjWs3x",NFLX
2022-02-11 23:20:19+00:00,"Elite #LottoFriday 2.11.22 Broad market sell off helped quite a lot with these plays; right place, right time. $AMD 123P +743% $TSLA 880P +403% $NVDA 250P +468% * % gain measured from entry to HOD in the contract price * https://t.co/9os2UcS5zs",AMD
2022-02-12 12:23:42+00:00,"From all-time highs at the end of last year. $HOOD 🔻538% $TWTR 🔻206% $BABA 🔻160% $NFLX 🔻91% $FB 🔻75% Yet all @CGasparino wants to insult $AMC ""Apes"" and troll on @CEOAdam tweets. @jimcramer said ""buy $NFLX"" right before it tanked over 40%, - 1/7",NFLX
2022-02-13 19:55:40+00:00,"$AAPL holding the market so far. If $AAPL down, even newton can’t save the market",AAPL
2022-02-15 00:08:17+00:00,"JPM on $ADYEN: ""Paypal $PYPL is not a good comp for Adyen because their businesses, though in payments, are different"" ... ""Adyen is a merchant only payment services company and does not have a business relationship with the consumer."" https://t.co/W4VlOMuUzJ",PYPL
2022-02-15 08:23:45+00:00,$SE Banned from India. “RUN FOR THE HIL…oh wait” $GOOG Banned from China $FB Banned from China $BTC Banned from China $MELI isn’t even in Asia Seems like they’re all doing fine.,GOOG
2022-02-16 19:33:05+00:00,New @NoMansSky update gives us @AMD FSR support and Steam Deck optimizations: https://t.co/LYVHkzt5bQ,AMD
2022-02-17 17:07:54+00:00,Currently shitting my guts up man I think I ate something not goog 😟,GOOG
2022-02-17 18:17:30+00:00,$AMZN 16 -&gt; 43.5 Closed https://t.co/5nte599giz https://t.co/hth2q7JEqK,MSFT
2022-02-17 18:17:30+00:00,$AMZN 16 -&gt; 43.5 Closed https://t.co/5nte599giz https://t.co/hth2q7JEqK,AMZN
2022-02-17 18:17:30+00:00,$AMZN 16 -&gt; 43.5 Closed https://t.co/5nte599giz https://t.co/hth2q7JEqK,PG
2022-02-18 02:21:00+00:00,"Use $PYPL as an example of what can happen when a stock is in a stage 4 decline, under the 200d ma. A lot of people started grabbing in December around $180 when it was down 42% from highs. It has dropped another 42% from $180, to $105. They can ALL go lower. https://t.co/s0RTOK178L",PYPL
2022-02-18 08:32:51+00:00,"By the way, it's finally official. Intel's margin guidance is lower than TSMC, AMD, Nvidia and Broadcom! Pretty amazing that AMD can design a CPU, TSMC can fab it, and both individually have higher margin than Intel who does it all. $INTC $TSM $AMD $NVDA $AVGO https://t.co/kHRW7bAxGI",INTC
2022-02-18 18:21:53+00:00,"Bought more $TSLA at $839. Larger amount than others to help with average. Also bought some $NVDA, $AMZN, more $FB, a few more $SHOP and will buy a few others before close. Smart money buys fear.",AMZN
2022-02-18 18:21:53+00:00,"Bought more $TSLA at $839. Larger amount than others to help with average. Also bought some $NVDA, $AMZN, more $FB, a few more $SHOP and will buy a few others before close. Smart money buys fear.",PG
2022-02-18 18:21:53+00:00,"Bought more $TSLA at $839. Larger amount than others to help with average. Also bought some $NVDA, $AMZN, more $FB, a few more $SHOP and will buy a few others before close. Smart money buys fear.",MSFT
2022-02-19 21:58:24+00:00,Tremendous # of Earnings ER next week… several opportunities to get wrecked.. $CRM $ADSK $LCID $TDOC $PANW $W $HTZ $SQ (OMG 🥸) $PLUG LOL 😝 $MRNA Ouch 🤕 $CVNA more lol $FSLR,CRM
2022-02-20 17:55:53+00:00,You can earn Dividends EVERY month with a well diversified portfolio Do you earn dividends EVERY month? $MO $COST $AVGO $CSCO $T $PFE $NKE $LOW $PEP $JPM $SBUX $MCD https://t.co/TrxZ6Chqen,COST
2022-02-21 20:37:05+00:00,My investment strategy: - buy high - buy low - sell never - stare at those shares sometimes not knowing what to do with them - sleep 8 hours - buy again can't be investment advice. $tsla,TSLA
2022-02-22 00:14:01+00:00,"Buying hard tmrw, large caps like $crm, $adbe, maybe $pypl, some $arkk for a trade. Stupid for us to be down this much on Ukraine, ppl will buy this discount",CRM
2022-02-22 02:50:09+00:00,"💸 6 STOCKS THAT ARE READY TO MOVE THIS WEEK 💸 I share my thoughts on $AAPL, $AMD, $DIS, $GM, $LCID, and $NIO. 6 stocks, 12 minutes. Options flow from @unusual_whales. Check it out NOW 👉 https://t.co/0LmtIEJwuU. Like, subscribe, and retweet! ♻️",DIS
2022-02-22 11:57:43+00:00,$COST sells its products at 12% margins. Enough to cover its operating expenses with some change. Its membership fees flow straight through and make up most of its net income. https://t.co/z4ThGJJWvg,COST
2022-02-22 19:54:22+00:00,$GOOG $GOOGL FCF yield equal to March 2020 market lows right now. https://t.co/iLwPktYUFD,GOOG
2022-02-22 22:21:56+00:00,Year on Year increase in Q4 revenue Meta $FB: +19% Amazon $AMZN: +9% Apple $AAPL: +11% Microsoft $MSFT: +20% Google $GOOGL: +32% https://t.co/CMmfTisumk,AAPL
2022-02-23 03:17:23+00:00,"Limit buys set for my portfolio: $TSLA: now &lt;$830 $TDOC: now &lt;$65 $NVTA $7.50 $ENPH: $120 $LMND (initial position): $20, more at $15 $BYND $30 $OTLY $5 $OMCL $95 $SPOT: $135 $SQ: now, &lt;$100 $SHAK: now $CRSP: now $SMLR: now, &lt;$75 $Z: now $INTC: now $SFM: now $ABBV: now $CBRE: now",INTC
2022-02-23 18:08:42+00:00,We’re in a full-blown CAC crisis across all companies that rely on typical digital channels to find customers There is a trillion dollars of equity value to be captured by building efficient digital acquisition machines that do not rely on GOOG or FB,GOOG
2022-02-23 22:39:17+00:00,Bought $2M of $GOOG I now own well over $5m Google or 2135 shares https://t.co/KTVpmQ5hAh,GOOG
2022-02-24 21:07:37+00:00,$AMD authorized a new $8 Billion share buyback program,AMD
2022-02-24 22:33:45+00:00,$AMD Announces New $8 Billion Share Repurchase Authorization.,AMD
2022-02-26 20:18:22+00:00,FREE #Options Ideas 🤯 Powerful Weekly Rain Drop Patterns (Swing Trade) $PYPL Calls&gt;110.18 Puts&lt;95.28 $FB Calls&gt;209.99 Puts&lt;192.19 $LULU Calls&gt;317.50 Puts&lt;286.36 This is a BRAND new strategy I'm building with @TrendSpider @Jake__Wujastyk Drop a ❤️ if you want more! https://t.co/4gPp99HZeA,META
2022-02-27 11:13:05+00:00,"1/ $FB has lost ~$400 billion of market value in the past month. Meta Platform’s once trillion dollar market value is now just $572 billion. Mostly this huge drawdown comes from low FY22 guidance (3-11% growth), $AAPL iOS changes &amp; a general market sell-off",AAPL
2022-02-28 21:56:09+00:00,"""Buy the dip"" $PYPL https://t.co/MdonOZmQEg",PYPL
2022-03-01 04:42:24+00:00,Reporting Earnings Tomorrow $AMC AMC Theaters $SOFI SoFi $CRM Salesforce $TGT Target $BIDU Baidu $BNS Bank of Nova Scotia $DPZ Dominos Pizza $PLUG Plug Power $WISH Wish $KSS Kohl’s $JWM Nordstrom $WKHS Workhorse $WEN Wendy’s,CRM
2022-03-02 20:39:29+00:00,Should I take $AAPL 175c at 0.01?,AAPL
2022-03-04 14:43:41+00:00,Not selling my anchor positions anytime soon ( $AAPL $GOOG $AMZN $FB $BRK $V $MA $ISRG $CMG $SBUX $DIS $NKE ... ) but below are the Cos I'm most excited about following for the next 5 years &amp; continuing to add as they execute or Macro/Qtrly reactions keep throwing opportunities. https://t.co/iZxleuX2e2,GOOG
2022-03-04 21:50:26+00:00,"At a loss for what to add to besides the obvious $GOOG $GOOGL. Don't want to buy commodity-driven stocks at this point, not sure about financials in case of recession, CPG and industrials too risky with oil and inflation, a lot of tech growth still pricey despite 50%+ declines.",GOOG
2022-03-06 18:54:55+00:00,Swing Bonus Unlocked 🔓 🌎 $GOOGL 2800c | 2500p 🍎 $AAPL 175c | 155p 💾 $INTC 55c | 45p ⚡ $RIVN 55c | 40p 🟦 Entry ⬜ Target 03/18 Contracts | Trailing Stop &gt; 35% https://t.co/zQDSDZezic,INTC
2022-03-07 10:30:49+00:00,"*Titanium Is Key Metal for Airplane Production -- WSJ *Boeing Says It Has 'Sufficient Supply for Airplane Production' Due to Supplier Diversity, Inventory -- WSJ $BA https://t.co/fj17i9IRKm",BA
2022-03-07 14:54:53+00:00,FIRST DAY OF 5k CHALLENGE LITTY @boilerroomtrds @kevintrades $FB $190 Puts 1.89 &gt; 2.75 $QQQ $338 Puts 2.90 &gt; 4.00 Up $330 on the account today wooo,META
2022-03-09 13:08:36+00:00,Everybody wants to invest in the next $AMZN But I can guarantee 99.9% of them wouldn’t have held during their 99% decline. https://t.co/p2TLhl6QHI,PG
2022-03-09 13:08:36+00:00,Everybody wants to invest in the next $AMZN But I can guarantee 99.9% of them wouldn’t have held during their 99% decline. https://t.co/p2TLhl6QHI,AMZN
2022-03-09 13:08:36+00:00,Everybody wants to invest in the next $AMZN But I can guarantee 99.9% of them wouldn’t have held during their 99% decline. https://t.co/p2TLhl6QHI,MSFT
2022-03-09 22:58:35+00:00,"Bought some stock today. A little $FB, $BABA, $PYPL and $CRM.",CRM
2022-03-10 15:42:19+00:00,"Just glancing at $COST and it trades for ~40x P/E. $WMT's half the multiple (~20x); $TGT even cheaper (~15x). Obligatory ""I know it's a great company"", but how does $COST outperform from here?",COST
2022-03-11 11:45:35+00:00,Up 200 handles almost off my 2500 $GOOG 25 handles off my $MSFT 270 300 handles off my 2700 $AMZN This was this week alone #Bitcoin up 2000 off my 38 $SQ up 15 dollar off my 100 $PLTR up 2 dollar off 10 These from last week .. What bear?,GOOG
2022-03-11 14:17:51+00:00,$GOOG and $MSFT are the internet $TSLA is the energy $AMZN is America’s supply chain $COST is American Warehouse $PLTR is America’s Spy 🕵️‍♀️ Wanna bet against them?,COST
2022-03-11 15:27:21+00:00,I think Tesla is setting up for a monstrous Q1. ⚡️ Then Q2 is when Giga Berlin &amp; Texas start. 🔥 $TSLA #Tesla,TSLA
2022-03-11 19:28:33+00:00,Holy frick First ever 5 milli realized. Everything traded with you all on live voice and tweets : $TSLA 400% $QQQ 200% $TTD 200% $SPY 200% $NVDA a bagger $AAPL 157.5P 0.85 -&gt; 2.4 $AMZN 50% $FB 60% $NQ_F shorts from a week ago. Ideas shared in real-time (Scroll back) ♥️! https://t.co/JXTjViTd3d,AAPL
2022-03-12 19:29:42+00:00,"Both are Goog, But Which One Is Your Reliable and Unstoppable GOAT #CR7𓃵 Rt For Messi 🔂 Like for Ronaldo ❤ #MUFC #MUNTOT Ronaldo Maguire https://t.co/k1DgZynXhh",GOOG
2022-03-14 21:17:08+00:00,Lining up to buy $GOOG at sub 2500 for the fourth time this year. https://t.co/dfWQgHUhSk,GOOG
2022-03-15 01:36:23+00:00,When someone asks for my long thesis on $COST https://t.co/ajgXxwQEGj,COST
2022-03-15 14:35:00+00:00,💵 10 BUY and HOLD STOCKS $JNJ $AAPL $GOOGL $ABBV $O $HD $MSFT $AMT $NVDA $COST,COST
2022-03-15 15:30:09+00:00,"Most important chart for stocks right now. What is TSMC telling us? As a side, $INTC has almost $ 90 bn pencilled for new European capacity, heavily subsidized by the age of European anti-frugality https://t.co/g4RdnRicdS",INTC
2022-03-16 20:01:27+00:00,$FB Calls Closing right at 950% 🎯 https://t.co/HiSSYcVjnK,META
2022-03-18 14:40:08+00:00,"This week's swing trade profits with members: $FUBO +13.10%, $RBLX +7.60%, $PYPL +8.75%, $TDOC +5.49%, $FB +4.13%, $PLTR +13.64%, $SE +14.54%, $BILI +10.18%, $SCO +5.71%. Congrats MEMBERS! https://t.co/Zq8fSBNlwx",PYPL
2022-03-19 15:17:25+00:00,💭 I love a $DIS swing play here. Chart is looking nice. Flow is good.,DIS
2022-03-21 23:22:04+00:00,"When it comes to investing, you want to have a diversified portfolio of HIGH-QUALITY stocks or ETFs Here are some great individual dividend stocks to build a foundation $JNJ $LOW $HD $AVGO $MSFT $KO $DE $PG $COST $TGT $O $ABBV $MO $SBUX $AAPL What are your Foundational stocks? https://t.co/xWFVAg5Yyk",KO
2022-03-22 04:11:18+00:00,Market Recap: https://t.co/o5AueS0kEh The soft landing looks like a Boeing jet +The Fed has no other alternative but to crash stocks and the economy +Powell doubles down on tightening + The Weimer Republic is back! + Charts $SPY $QQQ $IWM $DXY $GLD $TLT $VIX $AAPL $TSLA $BTC $AMC https://t.co/bHx2vs4puV,AAPL
2022-03-22 19:48:34+00:00,People who said $TSLA is going to $500 😂😂😂🤣🤣🤣🤡,TSLA
2022-03-22 19:59:14+00:00,💰10 Dividend Growth Stocks💰 $V 💳 $PG 🧼 $HD 👷🏻‍♂️ $WM ♻️ $TGT 🛍 $TXN 🏙 $JPM 🏦 $ABBV 💊 $MSFT ☁️ $COST 🛒 How many do you own?,COST
2022-03-22 20:47:53+00:00,#Recap Alerts/Ideas $TSLA 937&gt;997💰 $FB 215(210)&gt;219 💰 $DPRO +25% 💸 $AMD $NVDA 🔻BO Fail $GOOGL 2738 BO&gt;2821💰 $SPY $QQQ Calls/Flag Alert💰 Premarket Watchlist #update $NKE 🔻 $BABA $CISO $CYRN 💸 All Timestamped* Not all positions*,META
2022-03-23 20:22:39+00:00,Theta Thursday Triggers 📝 ✈️ $BA 190c &gt; 187.60 | 180p &lt; 185 👾 $AMD 117c &gt; 115 | 110p &lt; 113.50 🇺🇸 $SPY 450c &gt; 446 | 434p &lt; 441 ⚡ $RIVN 50c &gt; 48.24 | 42p &lt; 45.24 🤖 $RBLX 55c &gt; 52 | 56p &lt; 50 🪙 $COIN 195c &gt; 189 | 175p &lt; 182 200 ❤️ to Unlock Premarket Bonus Picks https://t.co/6DpHIS6T8A,AMD
2022-03-23 20:22:39+00:00,Theta Thursday Triggers 📝 ✈️ $BA 190c &gt; 187.60 | 180p &lt; 185 👾 $AMD 117c &gt; 115 | 110p &lt; 113.50 🇺🇸 $SPY 450c &gt; 446 | 434p &lt; 441 ⚡ $RIVN 50c &gt; 48.24 | 42p &lt; 45.24 🤖 $RBLX 55c &gt; 52 | 56p &lt; 50 🪙 $COIN 195c &gt; 189 | 175p &lt; 182 200 ❤️ to Unlock Premarket Bonus Picks https://t.co/6DpHIS6T8A,BA
2022-03-24 14:02:03+00:00,Yesterday I gave you $MU Today I gave you $FB I'm up over $1k on it! Seriously - Bangers every single day crushing it for you guys and showing my P/L no hindsight BS 101 ❤️if you want me to keep posting picks https://t.co/spXIiYXisa https://t.co/MdwcDW7UuN,META
2022-03-24 14:54:58+00:00,"$AAPL gang! Thanks for trading with me today @ChampagneShark, @lisamarinass and @TyzenTrades ❤️ . cc: @WolfOfWeedST https://t.co/kckIjf7nON",AAPL
2022-03-26 13:18:53+00:00,Listened to the Zuckerberg interview on the Tim Ferris Show: Here are my takeaways👇🏼 - He’s a really good guy - The Metaverse is going to be massive &amp; it’s going to bring us closer (most don’t understand this) - Decentralized &amp; Centralized can work together - $FB is a buy 😂,META
2022-03-26 17:24:11+00:00,@shortword @elonmusk @Tesla The most important part is that you and your family can write about that. The rest can be recovered 🙏,TSLA
2022-03-27 15:34:20+00:00,💡 TRADE IDEA: $TSLA credit call spread 1050/1070C 4/1 4.5* *SL: 1030,TSLA
2022-03-27 16:31:04+00:00,$PYPL #PYPL Still within the bull flag. Bull trigger to $125-$126: Bull flag breakout w/ a daily close above the volume shelf at $117.50. Bear trigger to $106-$107: Bull flag breakdown w/ a daily close below the March 16th breakout VWAP/bull flag support around $112.75. https://t.co/Ee49BCFO7D,PYPL
2022-03-28 16:42:26+00:00,"$AMD testing the local downtrend here, looking to break the pivot point. Keep an eye on it.👀 #XclusiveTrading #XclusiveChart https://t.co/zGYbblLY4Y",AMD
2022-03-29 02:51:28+00:00,All charts posted for tonight. Reviewed: $SPY $QQQ $IWM $BTC $ETH $PYPL $AMD $CGC $NVDA $TLRY $AAPL $NFLX $SHOP $MU $ENPH $FSLR $TSLA,AMD
2022-03-29 16:22:52+00:00,"If $1100 holds today, not much holding it back to go to $1200 and then all time highs. 📈 $TSLA #Tesla https://t.co/S1eQWzKGez",TSLA
2022-03-31 03:44:59+00:00,Market Recap: https://t.co/qGVNJKrTx4 A starvation crisis the likes we haven't seen since WW2 + Why are farmers switching from corn to soybeans? + Arab Spring 2.0? + Market reversal coming? + Charts $SPY $QQQ $IWM $DXY $GLD $GOLD $VIX $TLT $AAPL $TSLA $BTC $AMC https://t.co/G5SqxxUa17,TSLA
2022-04-01 14:41:26+00:00,Received $12.93 in dividends from $KO,KO
2022-04-01 23:05:33+00:00,Best of breed SaaS: $CRM $DDOG $OLO Cybersecurity: $CRWD $ZS $NET Cloud Services: $AMZN $MSFT Big Data: $SNOW $PLTR AdTech: $TTD $GOOGL $APPS E-Comm: $SHOP $ETSY Semis: $NVDA $AMD $LRCX Fintech: $SQ $PYPL $UPST Industrials: $DE Consumer: $HD $COST $TSCO EV: $TSLA Others?👇,CRM
2022-04-01 23:05:33+00:00,Best of breed SaaS: $CRM $DDOG $OLO Cybersecurity: $CRWD $ZS $NET Cloud Services: $AMZN $MSFT Big Data: $SNOW $PLTR AdTech: $TTD $GOOGL $APPS E-Comm: $SHOP $ETSY Semis: $NVDA $AMD $LRCX Fintech: $SQ $PYPL $UPST Industrials: $DE Consumer: $HD $COST $TSCO EV: $TSLA Others?👇,COST
2022-04-02 20:53:40+00:00,$SPY $AAPL moon? https://t.co/h3RzBtco31,AAPL
2022-04-03 17:58:58+00:00,"4/4 Flow 🌊 $V: 230c hit hard, top watch into Monday $BA: Could easily see 200 this week, flow is there! $FB: 230c and 220p can both be great movers off of this daily IB $MU: 75p really stands out here, relative weakness even after a positive ER response https://t.co/SoyAgCTsEi",BA
2022-04-04 15:21:59+00:00,"I finally got around to reading: Zero to One - by Peter Thiel An extremely creative &amp; thoughtful mind behind $PYPL and $PLTR. One of my biggest takeaways? I don't own enough Palantir! I don't consider myself an entrepreneur, so I've always passed it by. Tremendous book! https://t.co/Ifn1qPd0YS",PYPL
2022-04-05 11:38:03+00:00,"Turn Around Tuesday Picks 📝 👾 $AMD 115c &gt; 111.30 | 105p &lt; 108.50 🪙 $COIN 205c &gt; 194 | 185p &lt; 190 🕹 $NVDA 290c &gt; 276 | 260p &lt; 270 🏪 $AMZN 3450c &gt; 3372 | 3300p &lt; 3320 🛍 $SHOP 800c &gt; 731 | 690p &lt; 715 Keep it Small, Use Stops, Don’t Chase Best of Luck! 🎲",AMZN
2022-04-05 11:38:03+00:00,"Turn Around Tuesday Picks 📝 👾 $AMD 115c &gt; 111.30 | 105p &lt; 108.50 🪙 $COIN 205c &gt; 194 | 185p &lt; 190 🕹 $NVDA 290c &gt; 276 | 260p &lt; 270 🏪 $AMZN 3450c &gt; 3372 | 3300p &lt; 3320 🛍 $SHOP 800c &gt; 731 | 690p &lt; 715 Keep it Small, Use Stops, Don’t Chase Best of Luck! 🎲",PG
2022-04-05 11:38:03+00:00,"Turn Around Tuesday Picks 📝 👾 $AMD 115c &gt; 111.30 | 105p &lt; 108.50 🪙 $COIN 205c &gt; 194 | 185p &lt; 190 🕹 $NVDA 290c &gt; 276 | 260p &lt; 270 🏪 $AMZN 3450c &gt; 3372 | 3300p &lt; 3320 🛍 $SHOP 800c &gt; 731 | 690p &lt; 715 Keep it Small, Use Stops, Don’t Chase Best of Luck! 🎲",MSFT
2022-04-05 16:05:04+00:00,EU COMMISSION WANTS LARGE ONLINE PLATFORMS TO PAY ANNUAL SUPERVISORY FEE UP TO 0.1% OF THEIR GLOBAL NET INCOME UNDER NEW TECH RULES -EU DOCUMENT $FB $AAPL,META
2022-04-05 18:28:39+00:00,imagine a world where @elonmusk as the übermensch of twitter implements @proofofhumanity for better sybil resistance against robots… …while at the same time building robots with @tesla and offsetting their unemployment footprint with universal basic income using $ubi 💧,TSLA
2022-04-08 02:36:21+00:00,💸Watchlist for 4/8/22💸 $BA 📈Calls Over 180 📉Puts Under 175 $AMD 📈Calls Over 106.55 📉Puts Under 100 $QQQ 📈Calls over 357 📉Puts Under 350.50 $MSFT 📉Puts Under 300 💸Like this tweet for some Live Trade Ideas Tomorrow 💸,BA
2022-04-09 03:49:26+00:00,$AMD gotta be the most overcrowded trade I’ve ever seen going into next week.,AMD
2022-04-09 21:59:23+00:00,Grab a drink! 🥃 It's time for some CHART REQUESTS!🐼 -Limit 1 per person -No penny stocks -Will do as many as I can b/t tonight/ tmw Please Like &amp; Retweet! Thank you $SPY $AMZN $AAPL $BA $NFLX $GOOGL $SHOP $TSLA $AMD $ROKU $NVDA $FB $TTD $PYPL $DOCU $CCIV $ETSY $SQ $MSFT,PYPL
2022-04-10 19:42:35+00:00,"Over the past 5 years, the S&amp;P 500 $VOO $SPY is up 108% Look at these total return numbers over the same period: $AAPL +402% $MSFT +385% $DE +315% $COST +295% $ABBV +236% $AVGO +217% $LOW +175% $NKE +145% $HD +137%",COST
2022-04-11 09:55:16+00:00,It's been a while since I did a company deep-dive. Let me know if you are keen on a $NFLX deep dive by replying with your favorite Netflix shows below! Go! 👇,NFLX
2022-04-11 14:26:36+00:00,"good morning ☕️- it’s so sweet to see Giga Texas on a beautiful Monday morning, just 4 days after Cyber Rodeo! glad we saw inside this kick-ass place @Tesla @elonmusk 📸 @JoeTegtmeyer April 11, 2022 https://t.co/zXYFj9kUZK",TSLA
2022-04-11 15:02:30+00:00,$PYPL gave enough credit to a 16 year old to effectively bankrupt them.. Maybe some fear in BNPL is warranted. https://t.co/UwXWq3xXZt,PYPL
2022-04-12 12:56:10+00:00,On this day in 1976 Apple's $AAPL third co-founder Ronald Wayne left Apple and sold his 10% stake in the company for $800 Today that 10% stake would be worth $270 Billion https://t.co/vgIHPjeMTx,AAPL
2022-04-13 03:22:16+00:00,Market Analysis &amp; Discussion for 04.13.22 $ES $QQQ $AAPL $AMD $AMZN $BA $ROKU $CAT $SNOW $CCL $HD $GOOGL $NFLX $MCD $MSFT $NVDA $FDX $TWLO $LULU $TSLA Watch it https://t.co/wA1qp5T6nb https://t.co/F5IDiRSId5,BA
2022-04-13 10:38:55+00:00,Wouldn’t it be impressive if Elon created a bot army that somehow successfully made $TSLA have amazing returns while also being in charge of Spacex and Tesla?,TSLA
2022-04-13 22:52:41+00:00,"With #earningsseason starting, here's what stocks have done since they last reported #earnings - not a single $XLU is down $XLE $SPX $SPY $MOS $NUE $NLSN $OXY $PYPL $CF $IPGP $WYNN $IRM $BKR $FB $NFLX $PWR https://t.co/9FG8nD3nhD",PYPL
2022-04-14 23:53:42+00:00,This week I bought: 1 share of $AAPL 🍎 5 shares of $WBA 🏪 4 shares of $ABBV 💊 5 shares of $MPW 🏥 1 share of $NVDA 💻 1 share of $MSFT ☁️ Totaling $41.43 of additional annual income What did you buy this week? 👇,AAPL
2022-04-15 14:15:26+00:00,#earningsseason https://t.co/lObOE0dgsr $TSLA $AAPL $AMD $FB $BAC $NFLX $MSFT $AMZN $PYPL $HAL $CLF $SCHW $XOM $GOOGL $JNJ $AAL $CL $SNAP $BK $T $SOFI $TWTR $UPS $LMT $F $INTC $NUE $UPST $BA $IBM $PG $AA $VZ $SQ $SHOP $JBHT $CVX $ASML $UAL $ROKU $QCOM $DIS $PFE $SYF $KO $SI https://t.co/YtataqXsBh,BA
2022-04-16 16:05:00+00:00,Different investment types have different goals You can have a MIXED plan as well and be VERY successful Dividends $KO $MO $HD $V $SBUX Blue Chip $AAPL #MSFT $GOOGL $AMZN Growth $TSLA $NVDA $CRWD $SQ $SHOP REITs $O $STOR $PSA $STAG Which is your GO TO type? https://t.co/u3BBdzltPe,KO
2022-04-17 23:49:58+00:00,Market Analysis &amp; Discussion for 04.18.22 $ES $NQ $QQQ $AAPL $TGT $AMZN $BA $SQ $CAT $FDX $CCL $HD $GOOG $NFLX $WMT $MSFT $NVDA $MCD $UPST $LULU $TSLA Watch it https://t.co/9N12rMOmkA https://t.co/8HqQe9YdXy,BA
2022-04-18 02:52:48+00:00,"""@SpaceX, @tesla, @neuralink and @boringcompany are philanthropy. If you say philanthropy is love of humanity, they ARE philanthropy."" - @elonmusk https://t.co/c4Gg7sbZMw",TSLA
2022-04-18 18:23:00+00:00,Buy the bottom on the billionaire $NFLX Big Billy Ackman is in $NFLX with size $NFLX CEO Reed Hastings purchased $20 mn at $380 in late Jan and Netflix reports earnings tomorrow gap fill at $500 https://t.co/ogRiqrjuiT,NFLX
2022-04-19 15:39:45+00:00,"If you had a minimum holding period of 10 years, what 5 stock equal weight portfolio would you buy today? Off the top of my head I'll go with: 1. $MKL 2. $MA 3. $GOOG 4. $CSU.TO 5. $AMAT",GOOG
2022-04-19 20:24:10+00:00,$DIS stock now 126 dollar I became bear at 140 my target is 100 dollar $nflx,DIS
2022-04-19 20:28:28+00:00,#TrueStory $NFLX https://t.co/hV5oFZQzyj,NFLX
2022-04-19 20:40:25+00:00,"$NFLX holders, welcome to 2018. https://t.co/tmO37ySSXH",NFLX
2022-04-19 20:46:51+00:00,Ackman chose $NFLX over $AMZN &amp; $GOOG. Madness.,NFLX
2022-04-19 20:49:10+00:00,"$NFLX down 20% after hours, on news of their first loss in subscribers since 2011. $AMC bullish. 🍿",NFLX
2022-04-19 20:52:39+00:00,"$NFLX Whiskey Tango Foxtrot, Oscar Now this stench is going to cling to $PARA and $DIS.",DIS
2022-04-19 21:04:57+00:00,$NFLX with another massive leg down. The pain just doesn't stop. https://t.co/4Euhmr6fqO,NFLX
2022-04-20 00:32:04+00:00,and then.... $NFLX loses 25% in a few min. Who is this guy being paid by? I really need to know this! https://t.co/lmqmxkZoPe,NFLX
2022-04-20 00:55:21+00:00,Here's the intro of today's #MarketOutlook video from @MarketScholars Watch the full video for free here: https://t.co/1DEWpK8G1P Mentioned: $SPY $SPX $QQQ $IWM $RUT $UUP $TNX $TLT $EEM $EFA $USO $GLD $BTC $VIX $TWTR $TSLA $AMZN $TRV $JNJ $NFLX $DIS $WBD $PSX $CTVA $ADM $LNN https://t.co/QdpV4uwQqk,NFLX
2022-04-20 23:10:53+00:00,"I sold $NFLX today as well. Someone plz kindly write a thread about how wise I am for losing 30% of my investment. Sincerely yours, CM",NFLX
2022-04-21 04:48:20+00:00,Market Recap: https://t.co/MSfKWKg1SG Citi warns stocks will go down 30% if THIS happens + Is growth over? + Can Tesla save the NASDAQ? + Earnings $PG $AA $TSLA + How Netflix got it wrong $NFLX + Charts $SPY $QQQ $IWM $DXY $TLT $GLD $VIX $OIL $AAPL $BTC $AMC https://t.co/9nuolZI91F,NFLX
2022-04-21 07:32:00+00:00,"🐳 news: - $TSLA earnings 📈, $NFLX 📉 - Bill Ackman $430M loss $NFLX - $ARKK sells $TSLA - $TSLA robotaxi 2024 - CDC appeal mask - $RAD bid rejected - $NVAX flu +ve - $SONY ads in-game - Kerrisdale x $DWAC - $DIS vs Florida - Futures: https://t.co/nH5RI94Tsz https://t.co/FigjkxYBKK",DIS
2022-04-21 12:00:00+00:00,"*ACKMAN GIVES UP ON NETFLIX, TAKING $400 MILLION LOSS AS SHARES TUMBLE - https://t.co/dooJhbljHb $NFLX https://t.co/tQwlzf2lWb",NFLX
2022-04-21 23:32:42+00:00,$NFLX is down 59.6% YTD and the worst performer in the S&amp;P 500 this year $DIS is down 32.9% YTD and the worst performer in the DJIA this year Both are in the streaming and movie business I see a theme,DIS
2022-04-22 13:38:09+00:00,4360 target 🎯 achieved. AFAIK I was only one bearish all week while most were bull 🐮 Bulls have been mauled .. All flashed out in my plans below 👇 $FB $NFLX $PLTR $SHOP https://t.co/u8Ta31v1SG https://t.co/XEvfo35D4W https://t.co/R2KnPvI6bC,META
2022-04-22 17:47:35+00:00,Cramer all the sudden bearish on $AMD and $NVDA Thank goodness I can now buy this dip in peace,AMD
2022-04-22 18:00:27+00:00,Last time $DIS traded at this price theme park revenue was $0.00 with ongoing maintenance/security costs and no visibility on when parks would open.,DIS
2022-04-22 20:01:29+00:00,Added a little more to these longterm positions right before the bell: $SHOP $GOOG $NVDA 🤷‍♀️🤷‍♀️🤷‍♀️,GOOG
2022-04-23 13:01:00+00:00,Earnings next week! $KO $ATVI $AMP $MSFT $GOOGL $V $CNI $PEP $RTX $GE $EW $WM $GM $WBD $ENPH $TECK $FB $TMUS $QCOM $PYPL $AMT $BA $NOW $CME $CP $F $ALGN $SPOT $APPL $AMZN $MA $LLY $TMO $MRK $INTC $MCD $SNY $CAT $NOC $ROKU $XOM $CVX $AZN And many more: https://t.co/lNGVHeFz2o https://t.co/h1zhuXHMjo,KO
2022-04-23 13:01:00+00:00,Earnings next week! $KO $ATVI $AMP $MSFT $GOOGL $V $CNI $PEP $RTX $GE $EW $WM $GM $WBD $ENPH $TECK $FB $TMUS $QCOM $PYPL $AMT $BA $NOW $CME $CP $F $ALGN $SPOT $APPL $AMZN $MA $LLY $TMO $MRK $INTC $MCD $SNY $CAT $NOC $ROKU $XOM $CVX $AZN And many more: https://t.co/lNGVHeFz2o https://t.co/h1zhuXHMjo,INTC
2022-04-23 14:23:33+00:00,Week packed with earnings. On Watch: $KO $UPS $CMG $V $GM $GOOGL $GOOG $MSFT $BA $SPOT $FB $PYPL $QCOM $MCD $TWTR $MA $LUV $CAT $DPZ $INTC $ROKU $AMZN $AAPL $XOM $CVX https://t.co/BVxKzB9oOk,GOOG
2022-04-23 15:00:17+00:00,📈 What is $SPY ready to do here. Are we going to clip the trend line (Mostly hit pivot at 420?) and make a I-H&amp;S and rip? Or are we going to take out the bull gap from 418.5-416 and break down to 390? PT: 420 🎯 Decider week! Big tech ER $AAPL $GOOGL $MSFT $AMZN $FB https://t.co/1NChyu8hJV,AAPL
2022-04-23 16:53:00+00:00,If you want to see young people squirm. Ask them how many streamers they actually pay for… $nflx $wbd $aapl $amzn $dis #Netflix,DIS
2022-04-23 19:59:01+00:00,💥BIG WEEK OF Q1 EARNINGS AHEAD 👀👀 *Mon: $KO *Tues: $MSFT $GOOGL $V *Wed: $FB $PYPL $PINS $SPOT $BA *Thurs: $AAPL $AMZN $TWTR $HOOD $ROKU $INTC $MCD $CAT $MA *Fri: $XOM $CVX $DIA $SPY $QQQ $IWM $VIX https://t.co/m6GRcEoEgE,BA
2022-04-23 19:59:01+00:00,💥BIG WEEK OF Q1 EARNINGS AHEAD 👀👀 *Mon: $KO *Tues: $MSFT $GOOGL $V *Wed: $FB $PYPL $PINS $SPOT $BA *Thurs: $AAPL $AMZN $TWTR $HOOD $ROKU $INTC $MCD $CAT $MA *Fri: $XOM $CVX $DIA $SPY $QQQ $IWM $VIX https://t.co/m6GRcEoEgE,INTC
2022-04-24 05:44:59+00:00,"This next week has a ton of important companies sharing Q2 earnings results. Keep an eye out! Monday - $KO Tuesday - $MSFT, $GOOGL, $V, $UPS Wednesday - $FB, $PYPL, $BA, $F, $PINS Thursday - $AAPL, $AMZN, $TWTR, $CAT Friday - $XOM, $CVX, $ABBV",KO
2022-04-24 13:45:32+00:00,💥This Week's Most Notable #Earnings: *Mon: $KO $ATVI *Tues: $MSFT $GOOGL $V $GM $UPS $PEP $CMG $GE $MMM $RTX *Wed: $FB $PYPL $PINS $QCOM $BA $SPOT $TDOC $NOW $TMUS $HOG $HTZ *Thurs: $AAPL $AMZN $TWTR $INTC $ROKU $HOOD $MA $CAT $MCD $DPZ $LUV $MRK *Fri: $XOM $CVX $ABBV $AZN $BMY https://t.co/89C0QcJlXI,INTC
2022-04-24 21:08:59+00:00,Earnings Picks: LIKE FOR EXTRA LUCK AND FOR A $SPY BANGER THIS WEEK!! Calls: $GOOGL Calls📈 $AMZN Calls📈 $KO Calls📈 $TECK Calls📈 $XOM Calls📈 $ABBV Calls📈 $CVX Calls📈 $DPZ Calls📈 $CMG Calls📈 Puts: $FB Puts 📉 $PYPL Puts📉 $ROKU Puts📉 $SPOT Puts📉 $TDOC Puts 📉,KO
2022-04-24 21:58:55+00:00,"On reddit, $NFLX is a monopolistic corporate overlord stepping on the little guy to maximize every ounce of profits. On fintwit, $NFLX is weak business model that failed to produce real profits and management is incompetent.",NFLX
2022-04-24 22:55:37+00:00,$AMD Weekly loss of trendline support and the 50% retracement level. Two areas of potential interest below; .618 Fib Retracement and the point of control (larger HVN). https://t.co/SaMCFak2gD,AMD
2022-04-25 00:24:49+00:00,$AMD going under $50 next 12 months IMO,AMD
2022-04-25 03:20:01+00:00,The pace of Q1 reporting is ramping up! There are 178 companies in the S&amp;P 500 on the earnings calendar this coming week. Some of the major companies reporting are $KO $GOOGL $MSFT $V $FB $AMZN $AAPL $MCD $MRK and $CVX just to name a few. https://t.co/hHcJ3tVJsu,KO
2022-04-25 16:14:54+00:00,Only a 52% drawdown for #Bitcoin as equities crash for a brand new asset is amazing. Go look at your favorite stocks dropping 75% when stocks aren't suppose to be as volatile. $PYPL and $NFLX for example https://t.co/Xe5ItLLkVT,PYPL
2022-04-26 13:15:57+00:00,I hit the 'refresh button' on my FAAMG comp sheet. I noticed that numbers have been revised up for $GOOG $AAPL and $MSFT. And revised down for $FB and $AMZN since the last time we took a look in November 2021. All 5 report earnings this week. https://t.co/hcoBmlsRbx,META
2022-04-26 15:22:57+00:00,$ROKU is down 81% from highs and people only focus on $NFLX,NFLX
2022-04-26 17:11:30+00:00,"#Bitcoin near-term price action hinges on the $QQQ (NASDAQ jumped yesterday, $BTC followed, NASDAQ fell hard today, BTC fell). Scary that means that #Crypto investors should be watching $MSFT and $GOOGL earnings today, tomorrow $FB &amp; Thursday $AMZN &amp; $AAPL. A mine field....",META
2022-04-26 18:10:39+00:00,Some buy &amp; hold forever dividend stocks💰 $PG Procter &amp; Gamble $AAPL Apple $JNJ Johnson &amp; Johnson $KHC Kraft Heinz $PEP PepsiCo $MSFT Microsoft $ABBV AbbVie $KO Coca-Cola $MMM 3M $TGT Target $WMT Walmart What are some of your favorites?,KO
2022-04-27 14:18:27+00:00,"⚠️BREAKING: *BOEING EXTENDS DROP TO 10%, BIGGEST DECLINE SINCE JUNE 2020 $BA https://t.co/T2cODjh06e",BA
2022-04-27 17:54:13+00:00,Bought 4 shares of $INTC at $45.12 and 1 share of $DIS at $115,DIS
2022-04-27 18:33:00+00:00,$BA reportedly lost $1.1B on Trumps' Air Force One contract,BA
2022-04-27 20:07:48+00:00,$FB beat EPS $2.72 vs $2.56 expected.,META
2022-04-27 21:07:28+00:00,Reels makes up 20% of time on Instagram $FB,META
2022-04-27 21:14:25+00:00,Mark Zuckerberg said today Meta's $FB next Oculus headset will let users make eye contact and facial expressions,META
2022-04-27 21:26:08+00:00,Jim Cramer nails it again $FB https://t.co/J2Awxyy75v,META
2022-04-28 14:57:03+00:00,-70% since Jim said to buy $NFLX https://t.co/N9NVSCwjby,NFLX
2022-04-28 18:19:06+00:00,I have no position but I see bears saying $AAPL and $AMZN are gonna tank. Pretty bold statement to make when all the other big names went up after earnings while the charts were all reset prior to the report. Just saying.,AAPL
2022-04-28 18:19:06+00:00,I have no position but I see bears saying $AAPL and $AMZN are gonna tank. Pretty bold statement to make when all the other big names went up after earnings while the charts were all reset prior to the report. Just saying.,PG
2022-04-28 18:19:06+00:00,I have no position but I see bears saying $AAPL and $AMZN are gonna tank. Pretty bold statement to make when all the other big names went up after earnings while the charts were all reset prior to the report. Just saying.,MSFT
2022-04-28 18:19:06+00:00,I have no position but I see bears saying $AAPL and $AMZN are gonna tank. Pretty bold statement to make when all the other big names went up after earnings while the charts were all reset prior to the report. Just saying.,AMZN
2022-04-28 19:20:34+00:00,A lot of earnings after market. Their implied moves: $AAPL +/- 5.2% $AMZN +/- 6.2% $FSLR +/- 7.2% $GILD +/- 3.4% $HOOD +/- 11.6% $INTC +/- 6.3% $ROKU +/- 15.8% $TEAM +/- 10.0% $WDC +/- 7.1% https://t.co/lNGVHenXDO,INTC
2022-04-28 20:13:55+00:00,Market Waiting for the $AAPL numbers https://t.co/vUrm5465Gz,AAPL
2022-04-28 23:36:31+00:00,Keep thinking of $AMZN they are at the tail end of a huge investment cycle. Insane step up in cap-x should get digested going forward. Retail margins got to be 5% within a reasonable time frame (that is where $WMT is and $AMZN had 3P plus Prime). If you assume that paying 25x EPS,MSFT
2022-04-28 23:36:31+00:00,Keep thinking of $AMZN they are at the tail end of a huge investment cycle. Insane step up in cap-x should get digested going forward. Retail margins got to be 5% within a reasonable time frame (that is where $WMT is and $AMZN had 3P plus Prime). If you assume that paying 25x EPS,PG
2022-04-28 23:36:31+00:00,Keep thinking of $AMZN they are at the tail end of a huge investment cycle. Insane step up in cap-x should get digested going forward. Retail margins got to be 5% within a reasonable time frame (that is where $WMT is and $AMZN had 3P plus Prime). If you assume that paying 25x EPS,AMZN
2022-04-29 16:53:45+00:00,"I think $AMZN is going to bottom around this $2,500 level. Should see it turn now and see markets turn with it. $TSLA",MSFT
2022-04-29 16:53:45+00:00,"I think $AMZN is going to bottom around this $2,500 level. Should see it turn now and see markets turn with it. $TSLA",PG
2022-04-29 16:53:45+00:00,"I think $AMZN is going to bottom around this $2,500 level. Should see it turn now and see markets turn with it. $TSLA",AMZN
2022-04-30 16:19:00+00:00,"Streaming growth, strong franchises &amp; IP, deep content library, enormous FCF, and incredibly attractive valuation. Warner Bros. Discovery is one of my favorite ideas right now, link to my write-up below. $WBD $NFLX $DIS $CMCSA $PARA https://t.co/Tkw8FlDrQG",NFLX
2022-05-01 03:00:00+00:00,"$INTC CEO says the chip shortage will ""drift"" 2024",INTC
2022-05-01 15:47:18+00:00,Rolling over my 401(k) from previous employer this week and mapped out allocations for 10 defensive growth holdings: $GOOG 14% $NOW 11% $MSFT 11% $CRM 10% $FB 9% $AMZN 9% $ADBE 9% $ADSK 9% $NVDA 9% $TEAM 9% Would net out to a cumulative 3.80% 2022 FCF Yield,CRM
2022-05-03 13:30:00+00:00,"It's happening. You can now trade the price of $AAPL, $FB and $GOOGL with leverage, fully on-chain! 📊 Be one of the first to try it: https://t.co/lLrWB5ws7j We can list most major US stocks, more coming soon... 🔎 Read our full announcement here: https://t.co/QqsDVwfRjb https://t.co/83SiTnkWTO",META
2022-05-03 22:22:59+00:00,$INTC $AMD $INTC from 2018 revenue $70.848B to FY22 guidance of $76B $AMD from 2018 revenue $6.475B to FY22 guidance of $26.3B 🔥,INTC
2022-05-04 03:21:15+00:00,$AMD CEO says Xilinx delivered its fourth straight quarter of more than 20% year-over-year revenue growth,AMD
2022-05-04 13:19:16+00:00,"$UPST- Upstart Announces Upstart AI Lending for $CRM Salesforce on Salesforce AppExchange, the World's Leading Enterprise Cloud Marketplace https://t.co/1mOdRQklHt",CRM
2022-05-06 21:27:39+00:00,"Bought 1 share of $TROW at $124.78, 4 shares of $INTC at $43.85, and 1 share of $DIS at $109.43",INTC
2022-05-07 06:31:16+00:00,"""Now"" is the song included in PSY's 9th regular album ""PSY 9th"". Hwa Sa of MAMAMOO and PSY latest performance video was shot with a dynamic retro concept, which is very special and interesting. 마마무 화사 #HwaSa #화사 #华莎 #ファサ #ฮวาซา Goog trans https://t.co/R2YMPMxWRq",GOOG
2022-05-07 13:03:56+00:00,#earnings for the week https://t.co/lObOE0dgsr $PLTR $UPST $SOFI $DIS $RBLX $AMC $OXY $TTD $PTON $BNTX $COIN $TSN $NCLH $SIX $AFRM $SU $SAND $NVAX $PLUG $U $RIVN $DUK $COTY $CLOV $ATER $MSGE $GSL $BROS $RIDE $HGV $ARRY $YETI $WYNN $TTCF $FVRR $BLNK $VTRS $LMND $PRTY $ADAP https://t.co/88Azn27lkt,DIS
2022-05-08 17:31:19+00:00,Some great Mother’s Day dividend stocks💰 $SPG Simon Property $SBUX Starbucks $COST Costco $TJX TJX Companies $EL Estée Lauder $TGT Target $NKE Nike $WMT Walmart $O Realty Income $AAPL Apple What are some others you would add?,COST
2022-05-08 18:31:01+00:00,"💊$1,000 Invested in $ABBV is $35 🥤$1,000 Invested into $KO is $26 🏡$1,000 Invested into $O is $43 🏨$1,000 invested into $STAG is $42 📊$1,000 Invested into $MAIN is $61",KO
2022-05-09 02:40:29+00:00,"Public Watchlist $AMD below 91.8, 91p $TSLA below 851, 830p $SPY below 405, 403p $QQQ below 305, 303p $spy holds 405, we can bounce In case of upside $TSLA over 889, 900c 150 ❤️ &amp; we make one of this week’s streams available to the public! (Tues or Fri) Good luck, traders!",AMD
2022-05-10 13:49:32+00:00,$FB is partnering with $MATIC as they make their push into web3.,META
2022-05-10 14:50:22+00:00,Problem is $AAPL. All these folks rushing into buy this bloated 🫃 pig at 155. I won’t touch it to be frank until 120-124. And that’s a rosy estimate . Ideally it’s fair value is in 90s… Now 155.,AAPL
2022-05-11 14:44:58+00:00,just a reminder guys from 99 to 2001 $AMZN was down 90% -That was when people didn't quite understand the Internet. Web 3.0 &amp; the #metaverse is probably 3 to 5 years away but is now the time to start looking at the potential winners? 🤔,AMZN
2022-05-11 14:44:58+00:00,just a reminder guys from 99 to 2001 $AMZN was down 90% -That was when people didn't quite understand the Internet. Web 3.0 &amp; the #metaverse is probably 3 to 5 years away but is now the time to start looking at the potential winners? 🤔,MSFT
2022-05-11 14:44:58+00:00,just a reminder guys from 99 to 2001 $AMZN was down 90% -That was when people didn't quite understand the Internet. Web 3.0 &amp; the #metaverse is probably 3 to 5 years away but is now the time to start looking at the potential winners? 🤔,PG
2022-05-11 20:07:46+00:00,Disney $DIS reported total Disney+ subscribers of 137.7M up 33% YoY,DIS
2022-05-11 21:34:55+00:00,"NASA and Boeing are hosting a press conference on the upcoming Starliner uncrewed OFT-2 launch, scheduled for May 19, after completing the flight readiness review. Thread: $BA https://t.co/GksTSmgFaS",BA
2022-05-12 02:54:41+00:00,2022 Returns $TWTR: +7% $AAPL: -17% $GOOG: -22% $MSFT: -22% $TSLA: -31% $ADBE: -33% $NOW: -35% $AMZN: -37% $CRM: -37% $AMD: -39% $NVDA: -43% $FB: -44% $PINS: -48% $MRNA: -51% $SNAP: -54% $SQ: -56% $TEAM: -56% $PYPL: -60% $SPOT: -61% $SNOW: -61% $NFLX: -72% $SHOP: -77% $RIVN: -80%,CRM
2022-05-12 23:13:06+00:00,$aapl needs to hold 140.. Volatility may come .. 😱 hope algo is not back again in morning,AAPL
2022-05-13 18:11:16+00:00,Some great dividend stocks in the Consumer Staples sector💰 $PEP PepsiCo $KO Coca-Cola $K Kellogg’s $PG Procter &amp; Gamble $COST Costco $UL Unilever $DEO Diageo $MO Altria Group $WMT Walmart $EL Estée Lauder Are you holding any of these?,COST
2022-05-14 10:21:30+00:00,Pat Dorsey's current top holdings (in order): $FB (16%) $SMAR $WIX $DIS (10%) $PYPL $ROKU (new) $EBAY $GOOG (6%) $POSH $SEMR (4%) $UPWK,GOOG
2022-05-15 16:05:38+00:00,"While macro slowdowns have been a concern for many companies, cloud spending appears to be unaffected as $MSFT, $AMZN, and $GOOG all released strong cloud results. @AnalyticsIoT estimated cloud TAM is enormous and we are still in the early stages. https://t.co/biFrsYISfS",AMZN
2022-05-15 16:05:38+00:00,"While macro slowdowns have been a concern for many companies, cloud spending appears to be unaffected as $MSFT, $AMZN, and $GOOG all released strong cloud results. @AnalyticsIoT estimated cloud TAM is enormous and we are still in the early stages. https://t.co/biFrsYISfS",PG
2022-05-15 16:05:38+00:00,"While macro slowdowns have been a concern for many companies, cloud spending appears to be unaffected as $MSFT, $AMZN, and $GOOG all released strong cloud results. @AnalyticsIoT estimated cloud TAM is enormous and we are still in the early stages. https://t.co/biFrsYISfS",MSFT
2022-05-16 05:02:58+00:00,When the largest U.S. Pension dumps $NFLX and buys $AMC.. you know what’s up 😉 That is all. Goodnight.,NFLX
2022-05-17 00:22:28+00:00,"Bad for @tesla, worse for @twitter",TSLA
2022-05-17 23:45:33+00:00,"Dataroma is a great website that tracks 13Fs from ‘superinvestors’. Below is the most common &amp; largest % buys from the the past 2 qrts. The standouts are big-tech like $FB, $AMZN, $GOOGL &amp; $MSFT. All of which are lower than when the ‘superinvestors’ bought (prior to April) https://t.co/tsmTOUopci",META
2022-05-18 14:39:19+00:00,$FB files trademark application for 'Meta Pay',META
2022-05-19 14:22:52+00:00,"$AMD and $GOOG signed a multi-year partnership. AMD will use Google Cloud's infrastructure, including its storage, networking, and machine learning capabilities to help improve its hybrid and multi-cloud strategy for its chip design needs. https://t.co/xHUQays404",AMD
2022-05-19 19:45:00+00:00,10 GREAT Companies trading at/near 52wk Lows ☁️ $AMZN ⚡️ $CRWD 📦 $CUBE 🐭 $DIS 🧩 $GOOGL 🛠️ $HD 🖥️ $MSFT ☕️ $SBUX 🛍️ $SPG 🏢 $STOR Buying any of these at their lows?,DIS
2022-05-20 01:59:39+00:00,"Damn, how isn’t this getting more attention $GOOG https://t.co/vudJS3AMub",GOOG
2022-05-20 15:24:26+00:00,$TSLA is trading below $660. Are you a buyer here?,TSLA
2022-05-21 17:55:28+00:00,Important dates: $AMZN stock split will be issued on June 3 2022. The shareholder approval vote on 5/27/22. $GOOGL stock split will be issued on July 15 2022. The shareholder approval and will be put to a vote on 6/1/22. $SPY $SPX $QQQ,AMZN
2022-05-21 17:55:28+00:00,Important dates: $AMZN stock split will be issued on June 3 2022. The shareholder approval vote on 5/27/22. $GOOGL stock split will be issued on July 15 2022. The shareholder approval and will be put to a vote on 6/1/22. $SPY $SPX $QQQ,MSFT
2022-05-21 17:55:28+00:00,Important dates: $AMZN stock split will be issued on June 3 2022. The shareholder approval vote on 5/27/22. $GOOGL stock split will be issued on July 15 2022. The shareholder approval and will be put to a vote on 6/1/22. $SPY $SPX $QQQ,PG
2022-05-21 21:57:18+00:00,Best of breed SaaS: $CRM $DDOG $OLO Cybersecurity: $CRWD $ZS $NET Cloud Services: $AMZN $MSFT Big Data: $SNOW $PLTR AdTech: $TTD $GOOGL $APPS E-Comm: $SHOP $ETSY Semis: $NVDA $AMD $LRCX Fintech: $SQ $PYPL $BILL Industrials: $DE Consumer: $HD $COST $TSCO EV: $TSLA Others?👇 https://t.co/HkyOnsdieg,CRM
2022-05-22 22:03:11+00:00,5/23 Watchlist 🔮 $SQ 90c &gt; 85.20 | 75p &lt; 81.20 $PENN 34c &gt; 32.45 | 30p &lt; 31.30 $PFE 53.5c &gt; 52.70 | 51.5p &lt; 52.22 $BA 126c &gt; 122.75 | 115p &lt; 118.95 $COIN 75c &gt; 69.00 | 60p &lt; 63.10,BA
2022-05-23 21:35:24+00:00,"$GOOG and $FB BOTH selling off on $SNAP news.. Two things.. 1) $SNAP has 0 profits, it has a P/S of almost 10! FB &amp; GOOG both at 4! With $FB PE at ~ 18. 2) Ad dollars flying from $SNAP should be a + for $GOOG $FB IMO Makes no sense. Who uses $SNAP nowadays anyways?",GOOG
2022-05-23 21:52:59+00:00,Tech is down because $SNAP lowered guidance? This is hilarious $FB $GOOGL $TSLA $SPY $AAPL,META
2022-05-24 20:30:01+00:00,Dividend Growth Stocks $V 💳 $AAPL 📱 $MCD 🍔 $HD 👷🏻‍♂️ $WM ♻️ $JPM 🏦 $MSFT 💻 $COST 🛒,COST
2022-05-25 22:07:31+00:00,"Boeing's Starliner completed the deorbit burn ""and is on its way home."" Watch live: https://t.co/0GeBtB1hic #OFT2 $BA https://t.co/FVskOF309V",BA
2022-05-26 20:25:34+00:00,Asians are 7% of the US population but 12% of $COST members.,COST
2022-05-27 12:59:40+00:00,"Costco, $COST, has said it will not raise prices of its hotdog.",COST
2022-05-27 18:10:34+00:00,Weeks Summary👨‍🚀 • Swings $AMD 100c .64 to 2.72 (325%)🚀 $AMD 100c 1 to 2.72 (172%)🚀 $AMD 98c .99 to 4.4 (340%)🚀 • Lottos $TGT saw 30% then☠️ $GOOGL ☠️ • All alerts given for fre99 on $TWTR • Next weeks lottos will be better #IPromise ❤️ and ♻️ https://t.co/hN8zPQVfwh,AMD
2022-05-29 01:24:54+00:00,"The deep depths of Covered Call Twitter trying to attack me for the $AMZN tweet It is simply a fact. Financial Barrier to sell CC’s Now: $230,000 Post Split: $11,550",PG
2022-05-29 01:24:54+00:00,"The deep depths of Covered Call Twitter trying to attack me for the $AMZN tweet It is simply a fact. Financial Barrier to sell CC’s Now: $230,000 Post Split: $11,550",MSFT
2022-05-29 01:24:54+00:00,"The deep depths of Covered Call Twitter trying to attack me for the $AMZN tweet It is simply a fact. Financial Barrier to sell CC’s Now: $230,000 Post Split: $11,550",AMZN
2022-05-31 16:12:46+00:00,Some great dividend stocks💰 Real Estate 🏢 $SPG $VICI $DLR $ADC $O $IIPR Retail 🛒 $HD $NKE $DG $TSCO $COST Consumer🧍 $PG $KO $CHD $PEP $MO Tech 💻 $MSFT $AAPL $TXN $TSM $AVGO Financial 🏦 $JPM $BNS $TROW $MS Industrial 🏭 $WM $LMT $DE $CAT $MMM What would you guys add?,KO
2022-06-01 03:00:23+00:00,I am long $NFLX PT $250 Here’s why 🎯👀 https://t.co/HCfyek5QCA,NFLX
2022-06-01 12:27:20+00:00,"Good morning TRADERS 💥 👍 #stickynote is here with some #trading ideas 📈🤑 $CRM a big Q and should see clear skies, looking to buy dips 👀💪 $FB found some levels yday and should be strong to start the month ✅ $AMC let's see if there is a 2nd day move, same with $MULN $AMD https://t.co/uGejPDxien",CRM
2022-06-01 22:22:02+00:00,"Here's $CRM Demand is able to take out the previous supply zone (swing high) This shows buyers are in control, so you want to be buying demand zones https://t.co/jba68a1678",CRM
2022-06-02 00:05:18+00:00,"6/2/22 Watchlist🤑 $FB 180p &lt; $190.95 $PYPL 80p &lt; $83.15 $AMD 103c &gt; $98.9 Three names on deck tomorrow. Markets are sideways but still weak. $FB has some news, $PYPL some industry challenges. $AMD resilient. Will review in the AM! #stock #OptionsTrading 😎 https://t.co/sdpkhNJxUq",PYPL
2022-06-02 14:43:24+00:00,"$AMD and $NVDA move the same since they are similar sectors, but to me they aren’t similar companies. I ❤️ $AMD selfishly and Lisa Su. One is doing share buy backs and crushed earnings and the other is doubling available shares and didn’t have a great earnings.",AMD
2022-06-02 16:01:41+00:00,"SQUARE - WORKING WITH APPLE TO ENABLE TAP TO PAY ON IPHONE, APPLE'S CONTACTLESS PAYMENT ACCEPTANCE CAPABILITY, WITHIN SQUARE POINT OF SALE APP $SQ $AAPL",AAPL
2022-06-03 19:54:06+00:00,Weeks Summary👨‍🚀 • $NFLX 200 puts 1 to 2.8 (180%)🚀 $BA puts ☠️ • Solid DD this week from $TSLA $AMD $SPY nailing some nice moves 📚 • Will work on refining and increasing my alerts for next week🚀 • All given for fre99 on $TWTR ❤️ https://t.co/Q2sEM8xzOE,AMD
2022-06-05 01:44:32+00:00,Best in class (added your feedback!): Semiconductors $NVDA $AMD $TSM E-commerce $AMZN $SHOP $MELI Cybersecurity $CRWD $ZS $PANW Big Data $PLTR $SNOW $DDOG Ad-tech $FB $GOOG $TTD Fintech $SQ $PYPL $SOFI Space $RKLB $ASTS Metaverse $FB $U EVs $TSLA $NIO Share your thoughts! 👇,GOOG
2022-06-05 23:00:39+00:00,⚡️Watchlist for 6/6/22⚡️ $SPY 📈Calls over 412.85 📉Puts Under 409.50 $NVDA 📈Calls Over 191 📉Puts Under 185 $TSLA 📈Calls Over 720 📉Puts Under 700/695 $BA 📈Calls Over 140.70 📉Puts Under 138 💸LET'S MAKE SOME MONEY!💸 -Ask any questions u have in the comments!,TSLA
2022-06-06 14:34:13+00:00,AMAZON SHARES UP 4.8% ON ITS FIRST DAY OF TRADING AFTER STOCK SPLIT $AMZN,MSFT
2022-06-06 14:34:13+00:00,AMAZON SHARES UP 4.8% ON ITS FIRST DAY OF TRADING AFTER STOCK SPLIT $AMZN,PG
2022-06-06 14:34:13+00:00,AMAZON SHARES UP 4.8% ON ITS FIRST DAY OF TRADING AFTER STOCK SPLIT $AMZN,AMZN
2022-06-06 20:01:40+00:00,$AMZN finishes up 1.99% after stock split.,MSFT
2022-06-06 20:01:40+00:00,$AMZN finishes up 1.99% after stock split.,AMZN
2022-06-06 20:01:40+00:00,$AMZN finishes up 1.99% after stock split.,PG
2022-06-06 22:27:39+00:00,"7. Trading more than I can afford With a small account, you shouldn't be trading names like: $TSLA $CMG $GOOG Stick to stocks and contracts you can afford that have good spreads",GOOG
2022-06-07 06:08:40+00:00,Market Recap: https://t.co/10ltFjfc16 The EV Paradox: Car prices will remain inflated for years! + lunatic Secretary Of Energy must resign + Reviewing #WWDC22 + Girl Boss exposed + $AMZN stock will become a casino + Charts $SPY $QQQ $IWM $DXY $TLT $GLD $VIX $AAPL $TSLA $BTC $UNP https://t.co/Y6TxzCuatV,AMZN
2022-06-07 06:08:40+00:00,Market Recap: https://t.co/10ltFjfc16 The EV Paradox: Car prices will remain inflated for years! + lunatic Secretary Of Energy must resign + Reviewing #WWDC22 + Girl Boss exposed + $AMZN stock will become a casino + Charts $SPY $QQQ $IWM $DXY $TLT $GLD $VIX $AAPL $TSLA $BTC $UNP https://t.co/Y6TxzCuatV,PG
2022-06-07 06:08:40+00:00,Market Recap: https://t.co/10ltFjfc16 The EV Paradox: Car prices will remain inflated for years! + lunatic Secretary Of Energy must resign + Reviewing #WWDC22 + Girl Boss exposed + $AMZN stock will become a casino + Charts $SPY $QQQ $IWM $DXY $TLT $GLD $VIX $AAPL $TSLA $BTC $UNP https://t.co/Y6TxzCuatV,MSFT
2022-06-07 20:14:30+00:00,"$25K to $1 Million Challenge | Day 1 +$5,500 | $FB $PYPL https://t.co/kGlntFn2gv",PYPL
2022-06-08 12:48:21+00:00,"Chatter about $ROKU being acquired by $NFLX, per BI.",NFLX
2022-06-08 20:04:38+00:00,#️⃣🔢 leaving big tech / banking for fintech. $AMZN #Stripe $GOOGL ↔️↔️ $COIN $GS $HOOD $FB $SQ $MS $SOFI Source: https://t.co/gXVzfmhrdX https://t.co/MnXNFGeUh7,MSFT
2022-06-08 20:04:38+00:00,#️⃣🔢 leaving big tech / banking for fintech. $AMZN #Stripe $GOOGL ↔️↔️ $COIN $GS $HOOD $FB $SQ $MS $SOFI Source: https://t.co/gXVzfmhrdX https://t.co/MnXNFGeUh7,PG
2022-06-08 20:04:38+00:00,#️⃣🔢 leaving big tech / banking for fintech. $AMZN #Stripe $GOOGL ↔️↔️ $COIN $GS $HOOD $FB $SQ $MS $SOFI Source: https://t.co/gXVzfmhrdX https://t.co/MnXNFGeUh7,AMZN
2022-06-08 20:43:37+00:00,They gonna kick $CRM out of the Dow and replace it with $XOM? Asking for a friend… https://t.co/aIKgTwZDDt,CRM
2022-06-09 03:52:53+00:00,Charts posted for tonight ✌️ Reviewed: $SPY $QQQ $IWM $TSLA $AAPL $AMZN $GOOG $NFLX $ROKU $ARKK $CVX $XOM $AMD $SHOP $SNOW $MSFT $NVDA $ZM $NIO,GOOG
2022-06-09 03:52:53+00:00,Charts posted for tonight ✌️ Reviewed: $SPY $QQQ $IWM $TSLA $AAPL $AMZN $GOOG $NFLX $ROKU $ARKK $CVX $XOM $AMD $SHOP $SNOW $MSFT $NVDA $ZM $NIO,NFLX
2022-06-09 12:58:25+00:00,You can find dividend stocks in many different sectors💰 Tech💰 $AVGO $TXN $MSFT $INTC Industrials💰 $CAT $HON $LHX $MMM Retail💰 $WMT $TGT $COST $HD Healthcare💰 $PFE $JNJ $MRK $ABBV Real Estate $O $PLD $STAG $MAIN,COST
2022-06-09 15:32:20+00:00,DISNEY FIRES TV CONTENT CHIEF PETER RICE- CNBC $DIS,DIS
2022-06-09 20:04:34+00:00,*AMD SEES LONG-TERM REVENUE GROWTH OF 20% OVER 3-4 YEARS $AMD,AMD
2022-06-10 15:41:00+00:00,"Year-to-Date Performance: 1. $NFLX: -70% 2. $PYPL: -60% 3. $FB: -48% 4. $NVDA: -44% 5. $TSLA: -43% 6. $F: -42% 7. $AMZN: -36% 8. $AAPL: -25% 9. $MSFT: -24% 10. $GOOGL: -24% Meanwhile, $SPX is currently down just 19% YTD. What could possibly be holding this market up?",PYPL
2022-06-10 23:00:51+00:00,The tesla model s plaid with FSD 12 + software is one of the most impressive creations of hardware and software in history. Steve Jobs would be in awe. @elonmusk $TSLA $AAPL #iPhone13,AAPL
2022-06-11 00:15:00+00:00,Berkshire Hathaway collects $704 million in dividends a year just from Coca-Cola $KO,KO
2022-06-13 00:00:00+00:00,"Invest in what you are familiar with 🛒 Buy groceries at Costco, own $COST ☕️ Buy coffee at Starbucks, own $SBUX ⛽️ Buy gas at Exxon Mobile, own $XOM 🛍️ Shop at Target, own $TGT 📱 Use Apple products, own $AAPL What else would you add?",COST
2022-06-14 11:25:13+00:00,"While @typesfast is getting dunked on for saying some software business models don’t work when you pay devs $400K/year, he has a fair point. Big tech companies make a lot of money and thus pay a lot. Tech is unique in that many index to $GOOG pay without $GOOG’s business model. https://t.co/Xtu6etozfG",GOOG
2022-06-15 00:21:11+00:00,Here's the intro of today's #MarketOutlook video from @MarketScholars Watch the full video for free here: https://t.co/oRYtVYqnd7 Mentioned: $SPY $SPX $QQQ $IWM $RUT $UUP $TLT $TNX $EEM $EFA $USO $FXI $BABA $PDD $AMZN $ORCL $FDX $UPS $MPWR $BA $KO $PG $NVDA $AAPL $XLU $TROW https://t.co/5LbEv48LlX,KO
2022-06-15 00:21:11+00:00,Here's the intro of today's #MarketOutlook video from @MarketScholars Watch the full video for free here: https://t.co/oRYtVYqnd7 Mentioned: $SPY $SPX $QQQ $IWM $RUT $UUP $TLT $TNX $EEM $EFA $USO $FXI $BABA $PDD $AMZN $ORCL $FDX $UPS $MPWR $BA $KO $PG $NVDA $AAPL $XLU $TROW https://t.co/5LbEv48LlX,BA
2022-06-15 20:23:28+00:00,A little Fed relief 😅 Added a high risk/reward oil service company in $TISI 🔝 $AMZN $SE $SHOP $ROKU $CRWD $MGNI $TTD $ATY $ZI $AMD $SQ Hope y’all all killed it today 🙏 🦜 https://t.co/PRXqgn5j7w,AMD
2022-06-16 04:30:37+00:00,"IMO $MSFT is a way better risk return here vs other ""blue chip"" SaaS names $ADSK $ADBE $CRM why even touch these with $MSFT where it is? Anyone wanna make the case for owning any of those three over $MSFT?",CRM
2022-06-16 14:16:02+00:00,1 ❤️ and I’ll take $BA to $150 by Next Friday,BA
2022-06-17 18:00:58+00:00,"AMD – To Infinity And Beyond A bit late because of the awesome thumbnail, but covered stuff a lot of others didn't. CDNA 3 MI300 specifications Infinity Fabric 4 and custom silicon strategy AMD CPU area efficiency XDNA and AIE 2023 EPS estimates $AMD $INTC https://t.co/M9eQC36L2R",INTC
2022-06-17 19:08:35+00:00,The world of technology is evolving. AMD is too. Discover our new brand journey in the latest blog from CMO John Taylor and learn how together we advance_.,AMD
2022-06-19 04:05:16+00:00,"Performance over the past 12 months 🧵 💚 +4.74% $TSLA Tesla 🔴 -0.56% $AAPL Apple 🔴 -5.70% $MSFT Microsoft 🔴 -14.70% $GOOG Alphabet 🔴 -38.49% $AMZN Amazon Tesla must be doing something right considering all the media FUD, @elonmusk's tweets, and the lack of PR dept. 😁 https://t.co/f6jdqcYvaU",GOOG
2022-06-23 13:35:00+00:00,Diversify your portfolio to build wealth ETFs (Foundation) $VOO Vanguard S&amp;P 500 $SCHD Schwab US Dividend $QQQ Tech Dividends (Total Return) $HD $KO $SBUX $AAPL $V Growth (Higher risk/reward) $MSFT $GOOGL $CRWD $TSLA REITs (Real Estate exposure) $O $SPG $MPW $STOR $VICI $PSA https://t.co/70mQcHdyzq,KO
2022-06-24 03:10:23+00:00,THESE STOCKS ARE CONSIDERED VALUE STOCKS NOW 💀💀💀 GAMESTOP $GME ZOOM $ZM FACEBOOK $META NETFLIX $NFLX PAYPAL $PYPL PINTEREST $PINS ALL OF THEM ARE BEING ADDED TO THE RUSSELL 1000 VALUE STOCKS INDEX,NFLX
2022-06-24 18:46:34+00:00,$NFLX - Some stocks offering some insane returns if we rally even partially to where some were. https://t.co/x9m4cviQjA,NFLX
2022-06-25 01:00:01+00:00,$DIS: ESPN paying around $75M-$90M/year for Formula 1 broadcasting rights,DIS
2022-06-27 10:35:50+00:00,Happy Monday everyone! Time to make some more money this week. $TSLA,TSLA
2022-06-27 16:43:42+00:00,Dividend Stocks within the Consumer Staples sector💰 $KR Kroger $UL Unilever $PEP PepsiCo $COST Costco $KO Coca-Cola $WMT Walmart $MO Altria Group $GIS General Mills $TSN Tyson Foods $PG Procter &amp; Gamble $CL Colgate-Palmolive Are you holding any of these?,KO
2022-06-29 16:08:12+00:00,Dividend Stocks come in ALL shapes &amp; Sizes Low Yield $MA $AAPL $NVDA $NKE $MSFT $BAC Moderate Yield $KO $JNJ $MCD $PEP $MMM High Yield $VZ $STOR $MO $O $XOM Dividend Growth $V $AVGO $HD $SBUX $COST Which type is your FAVORITE? https://t.co/ylKm6KGev8,COST
2022-06-29 23:51:33+00:00,6/30 Watchlist 🔮 $AMZN 111c &gt; 110.25 | 107p &lt; 107.90 $NVDA 160c &gt; 157.80 | 150p &lt; 153.30 $META 167.5c &gt; 165.40 | 160p &lt; 161.80 $GOOGL 2275c &gt; 2250 | 2190p &lt; 2218 $RBLX 35c &gt; 34.75 | 33p &lt; 33.35 Patience.,MSFT
2022-06-29 23:51:33+00:00,6/30 Watchlist 🔮 $AMZN 111c &gt; 110.25 | 107p &lt; 107.90 $NVDA 160c &gt; 157.80 | 150p &lt; 153.30 $META 167.5c &gt; 165.40 | 160p &lt; 161.80 $GOOGL 2275c &gt; 2250 | 2190p &lt; 2218 $RBLX 35c &gt; 34.75 | 33p &lt; 33.35 Patience.,AMZN
2022-06-29 23:51:33+00:00,6/30 Watchlist 🔮 $AMZN 111c &gt; 110.25 | 107p &lt; 107.90 $NVDA 160c &gt; 157.80 | 150p &lt; 153.30 $META 167.5c &gt; 165.40 | 160p &lt; 161.80 $GOOGL 2275c &gt; 2250 | 2190p &lt; 2218 $RBLX 35c &gt; 34.75 | 33p &lt; 33.35 Patience.,PG
2022-06-30 13:57:35+00:00,"Disney is down 54% from its peak in 2021, its largest drawdown since 2009. $DIS Charting via @ycharts https://t.co/qJP41s4gud",DIS
2022-06-30 21:43:55+00:00,$AAPL #AAPL Still above the 22-year uptrend zone. https://t.co/3rp53ChPxe,AAPL
2022-07-03 23:50:00+00:00,$CRM CEO casually cashes out an extra $103.7M 💰 https://t.co/NHN9IwWVAj,CRM
2022-07-05 13:45:00+00:00,Dividend Aristocrats are dividend payers that have paid GROWING dividends for 25+ CONSECUTIVE years Here are 10 Dividend Aristocrats: $MCD $WMT $O $MMM $JNJ $PEP $TGT $LOW $PG $KO Own any of these? https://t.co/iI2X8wnpmL,KO
2022-07-05 19:39:31+00:00,Bought 2 shares of $INTC at $35.74 and 2 shares of $MO at $41.62,INTC
2022-07-06 13:04:10+00:00,8 proven dividend stocks: $KO $FNF $IBM $PFE $ENR $XOM $CSCO $QCOM,KO
2022-07-07 04:58:52+00:00,"Market Recap: https://t.co/zuQffICtmq Mark Zuckerberg issues a dire warning about the economy + connecting the dots between inflation, recession and the Fed + Biden says buck up and pay at the pump for what?! + Charts $SPY $QQQ $IWM $DXY $TLT $GLD $VIX $AAPL $TSLA $BTC $AMD $ODFL https://t.co/bB6k4ylTvE",AMD
2022-07-07 10:39:33+00:00,"U.S. chip stocks rise after upbeat Samsung results Chip stocks including $INTC, $NVDA and $QCOM rise ~1% before the bell",INTC
2022-07-07 15:14:09+00:00,"Cloud is still so much in the early days. It's scary how big it can be. Total IT spending is only 5-10% in the cloud now and the rest on-premise. No recession is going to stop this trend... $AMZN, $MSFT, $GOOG, and a whole industry of smaller companies offering add-on services.",GOOG
2022-07-07 19:27:27+00:00,$cost at 500/510 seems pricey for recession. Me like 390.,COST
2022-07-08 16:48:15+00:00,Some of My Top Favorite Dividend Stocks💰 $COST Costco $O Realty Income $HD Home Depot $DLR Digital Realty $PG Procter &amp; Gamble $STAG STAG Industrial $LMT Lockheed Martin $JNJ Johnson &amp; Johnson $WM Waste Management $ICE Intercontinental Exchange What are some of your favorites?,COST
2022-07-12 11:57:41+00:00,$PEP: eps beat Street - hasn’t missed in over a decade. 13% organic much better vs 7.7% expectation. 1% discount to $KO vs historical 1.5% premium.,KO
2022-07-12 12:01:00+00:00,$AMZN Prime day kicks off today.,AMZN
2022-07-12 12:01:00+00:00,$AMZN Prime day kicks off today.,PG
2022-07-12 12:01:00+00:00,$AMZN Prime day kicks off today.,MSFT
2022-07-13 12:37:47+00:00,"Did you see the MM's let $TSLA hit $709 about 20 seconds before CPI so they could get a few buddies out? I tell ya, it's so manipulated.",TSLA
2022-07-14 12:23:00+00:00,"Craig Jelinek, CEO of Costco, $COST, said overall ""the consumer isn't doing bad,"" but also mentioned, ""a lot of people, right now, they're in a recession because they're just trying to survive by just buying gas and making house and rent payments.""",COST
2022-07-16 00:13:47+00:00,"You’ve heard of webull , but have you heard of Wehold $Nflx bagger 9$ to a whole lot. SIGNUP FOR MY PAID ROOM 96.69$ a month or 420$ for 6 months. Code:beef patty for 6.9% off https://t.co/TzRUKjhwEJ",NFLX
2022-07-16 03:47:31+00:00,"The United States and Saudi Arabia signed 18 partnership agreements including deals with U.S. aerospace and defence firms Boeing, $BA, and Raytheon, $RTX, as well as healthcare companies Medtronic, $MDT, and Digital Diagnostics.",BA
2022-07-17 23:38:46+00:00,Nancy Pelosi’s Top 6 Holding by $ • $MSFT 12M $CRM 8M $GOOGL 7M $NVDA 7M $TSLA 6M $NFLX 5M • $NFLX reports this week🧐,CRM
2022-07-18 19:50:04+00:00,"$DIS, Disney, is the worst performing stock in the Dow Jones this year, and it's trading even lower than when Disney parks and movie theaters were closed in 2020.",DIS
2022-07-19 20:20:56+00:00,Sooooo pretty much if the dollar goes up another 5% $NFLX growth rate turns negative on the year https://t.co/uIX6iKlmLf,NFLX
2022-07-20 14:45:00+00:00,Which is your FAVORITE type of Dividend Stock? Low Yield $AAPL $MA $NKE $MSFT $BAC $NVDA Moderate Yield $KO $MCD $PG $JNJ $PEP $MMM High Yield $XOM $VZ $O $STOR $MO Dividend Growth $V $SBUX $HD $ABBV $COST $AVGO https://t.co/71NqzlObpI,COST
2022-07-20 22:58:32+00:00,"Listen carefully you stupid Millennials. $TSLA is the biggest fraud in history, it was always a fraud, and if today's show wasn't enough…. I can only wish you enjoy your stupidity, because difficult times are coming. $TSLAQ",TSLA
2022-07-21 09:47:55+00:00,"biggest takeaway from $TSLA Q2 $2.5B in EBIT in a shitty quarter = $10B/yr. normalized we are closer to $5B a quarter ($20B/yr) $800B mkt cap/$20B = 40X P/EBIT, growing 50%+ = PEG of &lt;1. earnings high quality. growth will continue for years. everything gucci and i'm hodling 🚀",TSLA
2022-07-21 13:41:00+00:00,"Amazon, $AMZN, to buy primary health care provider One Medical for roughly $3.9 billion.",AMZN
2022-07-21 13:41:00+00:00,"Amazon, $AMZN, to buy primary health care provider One Medical for roughly $3.9 billion.",MSFT
2022-07-21 13:41:00+00:00,"Amazon, $AMZN, to buy primary health care provider One Medical for roughly $3.9 billion.",PG
2022-07-23 02:24:00+00:00,Covered a lot in this weekend's video such as: -Finding leaders vs. laggards -Defining patterns -Adding VWAP offsets -Identifying price levels w/ diagonal zones -Using gaps -S/R flips Watch here: https://t.co/fCeWEnmBC5 Covered: $SPY $QQQ $IWM $BTC $AAPL $NVDA $NIO $TSLA $GOOG,GOOG
2022-07-23 09:59:29+00:00,"Clear your calendar, because this week is going to be a rollercoaster 😍 Tell me, which earnings are you looking forward to? $ULVR $NXP $MSFT $V $MMM $UPS $KO $TXN $META $GOOG $AMZN $BN $QCOM $BMY $KMB $CB $STAG $ADP $AAPL $PFE $MO $SHEL $HSY $INTC $TROW $XOM $ABBV $CVX $PG https://t.co/mmw4cOVE0m",INTC
2022-07-23 13:01:00+00:00,Earnings next week. $NEM $CDNS $NXPI $ARE $BRO $PKG $PRM $MSFT $GOOGL $V $KO $MCD $UPS $TXN $RTX $MDLZ $CB $MMM $GE $UBS $GM $META $TMUS $QCOM $BMY $BA $F $SHOP $SPOT $AAPL $AMZN $PFE $MA $MRK $TMO $INTC $VALE $ROKU $XOM $PG $ABBV $SONY $CVX &amp; many more https://t.co/lNGVHeFz2o,KO
2022-07-23 17:38:57+00:00,"Disney, $DIS, is in discussions with the BBC about acquiring the streaming rights to a new “Doctor Who” series",DIS
2022-07-23 18:25:39+00:00,💥BIG WEEK OF Q2 EARNINGS AHEAD 👀👀 *Mon: - *Tues: $GOOGL $MSFT $V $UPS $KO $MCD $GM *Wed: $META $SHOP $BA $F *Thurs: $AAPL $AMZN $INTC $PFE $MA *Fri: $XOM $CVX $DIA $SPY $QQQ $IWM $VIX https://t.co/4vAXUdXGFO,KO
2022-07-24 12:46:06+00:00,"Happy Sunday! *Here Are My #Top5ThingsToKnowThisWeek: - Fed 75Bps Rate Hike - Powell Press Conference - U.S. PCE Inflation Data, Q2 GDP - $AAPL $MSFT $GOOGL $AMZN $META Earnings - $BA $UPS $MCD $KO $XOM $CVX $V $MA Results *May The Trading Gods Be With You 🙏 $DIA $SPY $QQQ https://t.co/wCmyX1PmLq",AAPL
2022-07-24 13:01:00+00:00,Earnings next week. $NEM $CDNS $NXPI $ARE $BRO $PKG $PRM $MSFT $GOOGL $V $KO $MCD $UPS $TXN $RTX $MDLZ $CB $MMM $GE $UBS $GM $META $TMUS $QCOM $BMY $BA $F $SHOP $SPOT $AAPL $AMZN $PFE $MA $MRK $TMO $INTC $VALE $ROKU $XOM $PG $ABBV $SONY $CVX &amp; many more https://t.co/lNGVHenXDO,KO
2022-07-24 16:30:00+00:00,HUGE EARNINGS WEEK AHEAD HIGHLIGHTED THE ONES I AM WATCHING $AAPL $AMZN $META $INTC $MSFT $PFE $MA $SHOP $BA $TSM $V $UPS $XOM $TDOC $KO $F $ROKU $QCOM $TLRY $GM $GE $SPOT $MO $MCD $SPOT $RTX $WM $PG https://t.co/UFlosjuESy,BA
2022-07-24 19:59:51+00:00,Drawdowns for the top 10 S&amp;P 500 stocks as of Sept 2021: AAPL -15.3% MSFT -24.1% GOOG -28.1% AMZN -34.4% META -55.7% TSLA -33.6% BRK -20.6% NVDA -48.1% V -14.8% JPM -33.2% Avg loss of -30.1% vs -17.4% for the S&amp;P Hard to believe the mkt isn't down more https://t.co/AxoAzQQUB6,GOOG
2022-07-25 13:15:32+00:00,Our huge casting machines enable us to make full-size cars the same way toy cars are made ✌️ https://t.co/pWvW5Ovufo,TSLA
2022-07-25 22:22:53+00:00,Largest stocks that report earnings tomorrow Microsoft $MSFT Google $GOOGL Visa $V Coca-Cola $KO McDonald's $MCD $UPS Texas Instruments $TXN Raytheon $RTX Mondelez $MDLZ Canadian National $CNI Chubb $CB Stryker $SYK 3M $MMM General Electric $GE Fiserv $FISV $UBS Moody's $MCO,KO
2022-07-26 11:11:00+00:00,Earnings today! Premarket: $KO $MCD $UPS $RTX $MMM $GE $FISV $UBS $MCO $CNC $ECL $KMB $ADM $MSCI $PCAR $GLW $CAJ $TRU $PHM After hours: $MSFT $GOOGL $V $TXN $MDLZ $CNI $CB $SYK $CMG $ENPH $EQR $AMP $CSGP $FE $PARA $ESS $AGR $TER $IEX $BXP &amp; many more. https://t.co/3CiI2erUWt https://t.co/1PBgi6kaAU,KO
2022-07-26 15:55:53+00:00,"2/13... on hold an office tower in Nashville, TN. They also slashed plans on addtl office space in Hudson Yards in Manhattan, after reporting their 1st loss in yrs in Q1. All in, it looks like $AMZN will be shedding 10-30mn sq ft. of excess warehouse space it took on during...",MSFT
2022-07-26 15:55:53+00:00,"2/13... on hold an office tower in Nashville, TN. They also slashed plans on addtl office space in Hudson Yards in Manhattan, after reporting their 1st loss in yrs in Q1. All in, it looks like $AMZN will be shedding 10-30mn sq ft. of excess warehouse space it took on during...",PG
2022-07-26 15:55:53+00:00,"2/13... on hold an office tower in Nashville, TN. They also slashed plans on addtl office space in Hudson Yards in Manhattan, after reporting their 1st loss in yrs in Q1. All in, it looks like $AMZN will be shedding 10-30mn sq ft. of excess warehouse space it took on during...",AMZN
2022-07-26 18:59:59+00:00,All these retailers dead ☠️ when no one even knows if we are in recession yet .. what happens once recession actually gets going? $shop $amzn $wmt $etsy $dks $coin $tgt $cost,COST
2022-07-27 04:57:38+00:00,Market Recap: https://t.co/WPhuIxHLO0 Shopify to layoff 10% of its workforce $SHOP + Bernie Sanders exposes the scam of the CHIP Act + Earnings Reviews $UPS $MMM $MCD $KO $GOOG $MSFT + Kylie Jenner warns Instagram $META + Charts $SPY $QQQ $IWM $DXY $GDX $TLT $VIX $AAPL $TSLA $BTC https://t.co/rLeFZ2auIO,KO
2022-07-28 01:00:00+00:00,Earnings tomorrow: $AAPL Apple $AMZN Amazon $ROKU Roku $MA Mastercard $PFE Pfizer $TLRY Tilray $INTC Intel $HTZ Hertz,INTC
2022-07-28 19:51:13+00:00,EARNINGS PLAY / 100% RISKY - YOU CAN LOSE ALL YOUR MONEY! GO IN LIGHTLY! RISK LESS THAN 10% OF YOUR WHOLE PORTFOLIO! $AMZN $125 C’s &amp;’ $115 P’s! AND $AAPL $145 P’s &amp;’ $149 P’s💸 https://t.co/nTXdjiTyw9,MSFT
2022-07-28 19:51:13+00:00,EARNINGS PLAY / 100% RISKY - YOU CAN LOSE ALL YOUR MONEY! GO IN LIGHTLY! RISK LESS THAN 10% OF YOUR WHOLE PORTFOLIO! $AMZN $125 C’s &amp;’ $115 P’s! AND $AAPL $145 P’s &amp;’ $149 P’s💸 https://t.co/nTXdjiTyw9,AMZN
2022-07-28 19:51:13+00:00,EARNINGS PLAY / 100% RISKY - YOU CAN LOSE ALL YOUR MONEY! GO IN LIGHTLY! RISK LESS THAN 10% OF YOUR WHOLE PORTFOLIO! $AMZN $125 C’s &amp;’ $115 P’s! AND $AAPL $145 P’s &amp;’ $149 P’s💸 https://t.co/nTXdjiTyw9,PG
2022-07-28 20:09:31+00:00,"Munger on $COST ""I liked the cheap real estate, I liked the competitive position, I liked the personnel system- I liked everything about it.. ..But that's not a formula. If you want a formula, you should go back to grad school. They'll give you lots of formulas that won't work"" https://t.co/FyPPOA3mOA",COST
2022-07-28 20:11:54+00:00,Good! No wonder why the thieves want to steal $52B from taxpayers. Burn baby burn 🔥 $INTC https://t.co/j7MbMSFb3X,INTC
2022-07-28 20:17:22+00:00,"⚠️BREAKING: *INTEL STOCK TUMBLES 9% AS EARNINGS, REVENUE MISS EXPECTATIONS $INTC https://t.co/5iS3yTs10U",INTC
2022-07-28 20:44:07+00:00,Just shorted 500 shares of $AAPL at 161.91. $TSLA,AAPL
2022-07-29 21:23:26+00:00,"$AMD has passed Intel, $INTC, in market cap.",INTC
2022-07-30 16:09:21+00:00,Which dividend portfolio are you going with?🔥 A. $VNQ $AAPL $JNJ $SBUX B. $SCHD $MSFT $COST $UNH C. $VOO $TSM $MO $O D. $KO $PG $HD $WM 👇 https://t.co/s5Ebxen6BQ,COST
2022-07-31 16:34:08+00:00,💥This Week's Most Notable #Earnings: *Mon: $PINS $DVN $FANG $MOS $ATVI *Tues: $AMD $PYPL $UBER $ABNB $JBLU $SBUX $CAT $OXY *Wed: $MRNA $CVS $HOOD $MELI $FTNT $YUM $BKNG $MGM $LCID *Thurs: $SQ $BABA $AMC $FUBO $DDOG $TWLO $CROX $LYFT $BYND $LLY $COP $LNG *Fri: $DKNG $WDC $SPY https://t.co/cFeIASQlfD,PYPL
2022-07-31 16:38:01+00:00,"Most people want to save money, hence the success of $AMZN $COST $WMT. Most people do not want to be seen saving money, hence the success of $AAPL $LVMH $LULU",COST
2022-07-31 18:15:33+00:00,Dividend Stocks are Found in all Industries💰 Real Estate 🏢 $O $SPG $VICI $DLR $AMT $ADC $STAG Retail 🛒 $HD $DG $TJX $NKE $TSCO $COST Consumer🧍 $PG $KO $MO $PEP Tech💻 $TXN $TSM $INTC $AAPL $MSFT Industrial 🏭 $DE $WM $LMT Utility🔋 $XEL $NEE What others would you add?,INTC
2022-07-31 19:34:27+00:00,⚠️3 Stocks To Watch This Week: -Caterpillar -PayPal -Moderna 👉 https://t.co/SuBuncM3vu $CAT $PYPL $MRNA https://t.co/1NtUXx3ADF,PYPL
2022-08-01 03:53:41+00:00,"Earnings this week! Monday $SPG, $PINS Tuesday $UBER, $CAT, $RACE $AMD, $PYPL, $OXY, $SOFI, $ABNB, $SBUX Wednesday $UAA, $MRNA, $CVS, $GNRC $LCID, $HOOD Thursday $BABA, $K, $CROX, $DDOG, $PARA $AMC, $SQ, $TWLO, $CVNA Friday $DKNG, $WDC",PYPL
2022-08-02 06:58:00+00:00,"🐳 news: - Pelosi x Taiwan - GDPNow: 1.3% - $TWTR x Musk's social circle - California, Illinois monkey pox emergency - $REV 100%, $HKD: 5000% in month - Ukraine another $500M - $AAPL debt - $ORCL layoffs - SEC: $300M crypto ponzi - $NKLA x $RMO - Futures: https://t.co/nH5RI94Tsz https://t.co/QXhIXiAHgE",AAPL
2022-08-03 15:44:04+00:00,"A tale of two different stories - AMD continues to take market share from Intel in the data center market by posting an 83% quarterly YoY increase in revenue with strong forward guidance, while Intel posted a 16% decline. $AMD $INTC https://t.co/wUUkIs5iwi",INTC
2022-08-06 14:15:00+00:00,Warren Buffett and Berkshire Hathaway's $BRK.B $BRK.A equity portfolio is worth $327.7 Billion as of the end of Q2 down from $390.5B at the end of Q1 Top 4 largest holdings: Apple $AAPL - $125.1B Bank of America $BAC - $32.2B Coca-Cola $KO - $25.2B Chevron $CVX - $23.7B,AAPL
2022-08-06 14:15:00+00:00,Warren Buffett and Berkshire Hathaway's $BRK.B $BRK.A equity portfolio is worth $327.7 Billion as of the end of Q2 down from $390.5B at the end of Q1 Top 4 largest holdings: Apple $AAPL - $125.1B Bank of America $BAC - $32.2B Coca-Cola $KO - $25.2B Chevron $CVX - $23.7B,KO
2022-08-06 14:19:16+00:00,About 69% of Warren Buffett and Berkshire Hathaway's equity portfolio was concentrated in 5 companies $BRK.B $BRK.A Apple $AAPL 38.2% Bank of America $BAC 9.8% Coca-Cola $KO 7.7% Chevron $CVX 7.2% American Express $AXP 6.4%,KO
2022-08-06 17:03:29+00:00,U.S. automakers say 70% of EV models would not qualify for tax credit under Senate bill This bill takes away the EV tax credit in a measure disguised as extending it. ⁦@elonmusk⁩ $TSLA https://t.co/qI7TgOZwOk,TSLA
2022-08-08 15:49:45+00:00,You’re welcome $SPX $QQQ $AMZN $AMD $NVDA $TSLA $IWM https://t.co/uycSCxQTma,TSLA
2022-08-09 16:24:42+00:00,2022 Returns $GME: +17% $TWTR: -1% $AAPL: -7% $MSFT: -16% $AMZN: -16% $TSLA: -18% $GOOG: -19% $ADBE: -23% $CRM: -25% $TEAM: -27% $MRNA: -28% $AMD: -30% $ZM: -38% $NVDA: -39% $SQ: -47% $SPOT: -49% $ETSY: -49% $PYPL: -49% $META: -49% $SNOW: -50% $NFLX: -61% $SHOP: -71% $SNAP: -78%,PYPL
2022-08-10 20:09:31+00:00,$DIS: Disney+ paid subscribers: 152.1M v 137.7M q/q,DIS
2022-08-10 20:56:04+00:00,Disney blow out earnings. Jumping on Bloomberg TV to discuss now. Check it out! #Disneyland $DIS,DIS
2022-08-11 05:00:01+00:00,Spicy meatballs and gambling - Jason Moser of @theMotleyFool weighs in on Musk vs. Twitter and what it means for the stocks. $TSLA $TWTR https://t.co/U2rX78Nqto https://t.co/p1xZGuAfWo,TSLA
2022-08-12 01:34:34+00:00,DISCLAIMER: HIGH RISK #LottoFriday Keep bets small. Risk what you can lose. $BA 172.5C &gt;171.76 | 165P &lt;167.05 $CHWY 50C &gt;48.95 | 46P &lt;47.58 $COST 540C &gt;540.88 | 530P &lt;531.89 Good luck everyone! 🎲 https://t.co/6PVpbGVtlc,BA
2022-08-12 17:23:07+00:00,"Returns, Last 10 Years.. Bitcoin $BTC: +206,440% Tesla $TSLA: +14,709% NVIDIA $NVDA: +5,427% Netflix $NFLX: +2,782% AMD $AMD: +2,229% Domino's $DPZ: 1,236% Amazon $AMZN: +1,115% Microsoft $MSFT: +1,065% Apple $AAPL: +800% Google $GOOGL: +649% S&amp;P 500 $SPY: +264% Gold $GLD: +7%",MSFT
2022-08-12 17:23:07+00:00,"Returns, Last 10 Years.. Bitcoin $BTC: +206,440% Tesla $TSLA: +14,709% NVIDIA $NVDA: +5,427% Netflix $NFLX: +2,782% AMD $AMD: +2,229% Domino's $DPZ: 1,236% Amazon $AMZN: +1,115% Microsoft $MSFT: +1,065% Apple $AAPL: +800% Google $GOOGL: +649% S&amp;P 500 $SPY: +264% Gold $GLD: +7%",AMZN
2022-08-12 17:23:07+00:00,"Returns, Last 10 Years.. Bitcoin $BTC: +206,440% Tesla $TSLA: +14,709% NVIDIA $NVDA: +5,427% Netflix $NFLX: +2,782% AMD $AMD: +2,229% Domino's $DPZ: 1,236% Amazon $AMZN: +1,115% Microsoft $MSFT: +1,065% Apple $AAPL: +800% Google $GOOGL: +649% S&amp;P 500 $SPY: +264% Gold $GLD: +7%",PG
2022-08-13 20:15:43+00:00,top around 4280-4330 ( 2022 ) Bottom around 2800-3000 ( 2023 ) ATH in late 2024-early 2025 —— A soft landing will turn into a brutal landing !! #Huntertent $GME $TSLA $AMC $SHOP $LCID $DIS $WMT $PYPL $UPST $MRNA $RIVN $COIN $BTC $TLRY $NFLX $ZM $AMZN $QQQ $SPX $SPY $VIX $UVXY https://t.co/6fDMTvexzG,DIS
2022-08-14 17:14:02+00:00,$AMD DD✏️ Options can print this week...Big Decision Soon👀 https://t.co/x52De2N52T,AMD
2022-08-15 17:40:58+00:00,$AAPL Michael Burry closed its Short position,AAPL
2022-08-16 00:15:01+00:00,"Trade plan for Tuesday ✅ $SPX if it breaks out above 4300 we should see a move to 4342,4370. Calls can work above 4300 $TSLA if it gets through 945 by Wednesday it can run towards 1000 by Friday. Calls can work above 945 $MSFT setting up for 300 once it closes through 296",TSLA
2022-08-16 04:12:29+00:00,"$AMZN - Wonder how long until we see a cascade of Prime membership cancelations like we saw with $NFLX. If you've noticed Prime shipping has turned into 5 to 7 days which was a big selling point (free 2 day shipping). Refunds have been increasing, feel like it's a matter of time.",AMZN
2022-08-16 04:12:29+00:00,"$AMZN - Wonder how long until we see a cascade of Prime membership cancelations like we saw with $NFLX. If you've noticed Prime shipping has turned into 5 to 7 days which was a big selling point (free 2 day shipping). Refunds have been increasing, feel like it's a matter of time.",PG
2022-08-16 04:12:29+00:00,"$AMZN - Wonder how long until we see a cascade of Prime membership cancelations like we saw with $NFLX. If you've noticed Prime shipping has turned into 5 to 7 days which was a big selling point (free 2 day shipping). Refunds have been increasing, feel like it's a matter of time.",MSFT
2022-08-16 12:15:11+00:00,"JP MORGAN is aggressively bullish on fintech &amp; payment processors this morning, raising price-targets across the board: $SQ to $115 $PYPL to $137 $V to $272 $MA to $463 $FISV to $148 $FIS to $134 $TOST to $25",PYPL
2022-08-16 15:49:26+00:00,No supply chain issues at apple. Ordered my wife a new iPhone for her birthday and had it delivered in 2 hours! Amazing. $aapl $uber,AAPL
2022-08-20 19:27:24+00:00,Some Dividend Stocks in Tech💻 $INTC Intel $AAPL Apple $CSCO Cisco $MSFT Microsoft $AVGO Broadcom $QCOM Qualcomm $HPQ Hewlett-Packard $TXN Texas Instruments $IBM International Business $TSM Taiwan Semiconductor $ADP Automatic Data Processing Are you holding any of these?,INTC
2022-08-21 10:30:20+00:00,My 10K Portfolio: 20% Techs $AAPL $MSFT $AMD 20% Dividend $XOM $MO $SPG 20% Growth $TSLA $SQ $AMZN 15% Index $QQQ $DIA $SPY 5% Consumer $KO $MCD $COST 5% Safety $GLD $SLV $TLT Next 15% is cash on hand for any opportunity arise to DCA. What would you change? Comment below￼,COST
2022-08-21 14:30:49+00:00,Fuentes de ingresos de los top five tech 💰🚀 $AAPL $GOOG $AMZN $META https://t.co/jt46wFEC8r,GOOG
2022-08-22 00:00:30+00:00,$AMD - Under 95 - Trade Idea 💡 - Aug 26th 93P Closed at 95.95 If AMD fails to hold 95 this week can see a pull back to 88-90 next Puts can also work if AMD pops above 97 and fails to hold - $AAPL $ARKK $AMZN $META $MSFT $NFLX $NIO $ES_F $NVDA $QQQ $SPX $SPY $TGT $TSLA $SMH https://t.co/QhWUS3hkjK,AMD
2022-08-22 14:38:07+00:00,Some Solid Dividend Stocks 📦 $UPS UPS 💊 $ABBV Abbvie 🛒 $COST Costco 🏠 $O Realty Income 🛠 $HD Home Depot 🍔 $MCD McDonalds 🧼 $PG Procter &amp; Gamble 🏫 $STAG Stag Industrial 🗑 $WM Waste Management 🏠 $SPG Simon Property Group Do you own these? 👇🏻,COST
2022-08-22 18:32:31+00:00,People have no idea what's coming. $TSLA https://t.co/qqLbi8z05n,TSLA
2022-08-22 23:50:20+00:00,Don’t want the risk of Individual Stocks? Look at these 3 High-Quality Dividend ETFs $SCHD Schwab US Dividend ETF Top Holdings: $TXN $PEP $KO $HD $VYM Vanguard High Yield ETFS Top Holdings: $JNJ $XOM $JPM $PG $DGRO iShares Div Growth ETF Top Holdings: $MSFT $AAPL $JNJ $PFE https://t.co/FA3GYFSwF2,KO
2022-08-23 01:26:18+00:00,$AMD DD✏️ Is this bullish? https://t.co/3fvS0gCSyP,AMD
2022-08-24 01:00:00+00:00,Earnings tomorrow: $NVDA Nvidia $WOOF Petco $CRM Salesforce,CRM
2022-08-24 17:23:53+00:00,"If $TSLA were a documentary on Netflix, this would be the intro @BradMunchen @agusnox @TaylorOgan @C_S_Skeptic @AnadarkoCapital @passthebeano @DobackHuffInc @ShortingIsFun @BS__Exposed @zeroshorts @LovingWildlyfe @Keubiko @StanphylCap @EveryoneSaysHi1 @Tweetermeyer @Hinge_t https://t.co/nvMuKqOcPC",TSLA
2022-08-24 20:23:55+00:00,$CRM (-5% AH) after reducing FY’23 Sales and EPS guidance. They beat on 2Q results and announced a $10B share buyback (5.6% mkt cap). FY’23 guide: Revs $30.9B-$31.0B vs $31.7B Est EPS $4.71-$4.73 vs $4.75 Est 3Q Guide: Revs $7.82-$7.83B vs $8.07B Est EPS $1.20-$1.21 vs $1.29 E,CRM
2022-08-24 21:21:23+00:00,"$SNOW customers: ""80-plus percent run in $AMZN AWS, and about 18% is $MSFT Azure and 2% is $GOOGL GCP.""",AMZN
2022-08-24 21:21:23+00:00,"$SNOW customers: ""80-plus percent run in $AMZN AWS, and about 18% is $MSFT Azure and 2% is $GOOGL GCP.""",PG
2022-08-24 21:21:23+00:00,"$SNOW customers: ""80-plus percent run in $AMZN AWS, and about 18% is $MSFT Azure and 2% is $GOOGL GCP.""",MSFT
2022-08-24 21:59:03+00:00,$CRM: 38x P/E and 39x EBITDA for a revenue guide down.,CRM
2022-08-26 20:53:57+00:00,Study these textbook charting patterns! $SPY $QQQ $TSLA $AAPL https://t.co/W0CAqY597v,AAPL
2022-08-26 22:47:27+00:00,"DoJ lawyers are in the early stages of drafting an antitrust complaint against Apple... However, $AAPL bonds already trading 71 cents on the dollar... Coincidence? I think not... Credit always leads equity. Do yourself a favor and follow the smart money. $AAPLQ https://t.co/6EEI8lgGsD",AAPL
2022-08-29 18:26:47+00:00,"$AAPL MSB 2 days until monthly close. Candle structure shows long wick to the upside with bears having the upperhand. Yes, I'm predicting a 50% correction on this one aswell. Apple is the most valued company on Earth, and things are about to get ugly. https://t.co/NmJI3qNwwu",AAPL
2022-09-01 03:34:51+00:00,2022 Returns $TWTR: -10% $AAPL: -11% $MSFT: -22% $TSLA: -22% $GME: -23% $AMZN: -24% $GOOG: -25% $ADBE: -34% $TEAM: -35% $CRM: -39% $AMD: -41% $SNOW: -47% $MRNA: -48% $NVDA: -49% $PYPL: -50% $META: -52% $ETSY: -52% $SPOT: -54% $ZM: -56% $SQ: -57% $NFLX: -63% $SNAP: -77% $SHOP:-77%,CRM
2022-09-01 19:51:21+00:00,"$75.2 in dividends earned today! $28.66 from $INTC, $21.52 from $KR, $20.88 from $SJM, and $4.14 from $V",INTC
2022-09-01 22:38:52+00:00,My top 3 retirement account holdings: $LCID $AMD $AMZN Accumulating here and there.,AMZN
2022-09-01 22:38:52+00:00,My top 3 retirement account holdings: $LCID $AMD $AMZN Accumulating here and there.,MSFT
2022-09-01 22:38:52+00:00,My top 3 retirement account holdings: $LCID $AMD $AMZN Accumulating here and there.,PG
2022-09-01 23:29:40+00:00,Made over $13k today trading $AMZN and $CRM options 🔥 https://t.co/6yjs4UUtRE https://t.co/mNGEBYA3Bh,CRM
2022-09-02 15:00:48+00:00,XIDAX PC GIVEAWAY! But here's the sweet part. We are giving away not one... but 2 PCs! Xidax and @AMD are giving away a Xidax gaming PC featuring an AMD Ryzen 9 5900X Processor and an AMD Radeon RX 6800XT Graphics card! Get your entries in at https://t.co/irvTby1v3C https://t.co/e7iieFMV7Z,AMD
2022-09-02 20:38:13+00:00,Friday Adds For Future Income ✅ 3 shares $VZ at $41.18 2 shares $LYB $80.75 1 share $MDT $86.96 8 shares $CMCSA $35.66 (new position) 2 shares $INTC $31.16 2 shares $SCHD $71.81 2 shares $PNR $43.78 1 share $SWK $85.50 2 shares $GOOG $108.15 What did you buy today?,GOOG
2022-09-03 18:10:30+00:00,Revenue generated per day by the largest stocks last quarter Apple $AAPL $912M Microsoft $MSFT $570M Google $GOOGL $766M Amazon $AMZN $1.33B Tesla $TSLA $186M Berkshire $BRK.B $837M UnitedHealth $UNH $882M $META $317M $JNJ $264M Visa $V $80M TSMC $TSM $192M Exxon $XOM $1.27B,AMZN
2022-09-03 18:10:30+00:00,Revenue generated per day by the largest stocks last quarter Apple $AAPL $912M Microsoft $MSFT $570M Google $GOOGL $766M Amazon $AMZN $1.33B Tesla $TSLA $186M Berkshire $BRK.B $837M UnitedHealth $UNH $882M $META $317M $JNJ $264M Visa $V $80M TSMC $TSM $192M Exxon $XOM $1.27B,MSFT
2022-09-03 18:10:30+00:00,Revenue generated per day by the largest stocks last quarter Apple $AAPL $912M Microsoft $MSFT $570M Google $GOOGL $766M Amazon $AMZN $1.33B Tesla $TSLA $186M Berkshire $BRK.B $837M UnitedHealth $UNH $882M $META $317M $JNJ $264M Visa $V $80M TSMC $TSM $192M Exxon $XOM $1.27B,PG
2022-09-05 17:33:29+00:00,10 stocks increasing their dividend by over 10% yearly for 10+ years! $V - Visa $UNH - United Health $SNA - Snap-On $COST - Costco $BLK - BlackRock $ADP - Automatic Data Proc… $TXN - Texas Instruments $UNP - Union Pacific $HD - Home Depot $KR - Kroger How many do you hold?,COST
2022-09-05 20:41:18+00:00,"The part of Finance Twitter that was telling you how to double your net worth monthly in 2021 has pivoted towards doomsday prognostications. Meanwhile, those who collect Coca-Cola $KO, Johnson &amp; Johnson $JNJ, and ExxonMobil $XOM dividends will continue to prosper through it all.",KO
2022-09-06 00:09:45+00:00,⚡️Weekly Watchlist⚡️ ✅ $SPY 📈Calls Over 394 📉Puts Under 390 📲 $AAPL 📈Calls Over 157.5 📉Puts Under 155 💻 $NVDA 📈Calls Over 140 📉Puts Under 135 🎥 $BA 📈C &gt; 153 📉P &lt; 149.3 🚨 250 ❤️ for my FAV setup ✅ 💰TURN 🔔 ON + BE READY💸 🔥WE WILL BANK THIS WEEK 🔥,BA
2022-09-06 07:07:11+00:00,NEWS: Wolfe Research analyst Rod Lache has upgraded $TSLA from Peer-perform to Outperform with a price target of $360. https://t.co/sFtd8gi1Wp,TSLA
2022-09-06 23:56:52+00:00,9/7/2022 Options Trading Watchlist 🤑 $AMZN 122/123p &lt; $127.35 $MSFT 245/247.5p &lt; $255.8 $META after hours contingent (see thread) Market remaining weak. Light catalysts approaching &amp; some potential news but primarily risk off environment pre CPI data. #stockstowatch https://t.co/yYuhl78Zlh,PG
2022-09-06 23:56:52+00:00,9/7/2022 Options Trading Watchlist 🤑 $AMZN 122/123p &lt; $127.35 $MSFT 245/247.5p &lt; $255.8 $META after hours contingent (see thread) Market remaining weak. Light catalysts approaching &amp; some potential news but primarily risk off environment pre CPI data. #stockstowatch https://t.co/yYuhl78Zlh,MSFT
2022-09-06 23:56:52+00:00,9/7/2022 Options Trading Watchlist 🤑 $AMZN 122/123p &lt; $127.35 $MSFT 245/247.5p &lt; $255.8 $META after hours contingent (see thread) Market remaining weak. Light catalysts approaching &amp; some potential news but primarily risk off environment pre CPI data. #stockstowatch https://t.co/yYuhl78Zlh,AMZN
2022-09-07 04:37:37+00:00,CS Stocks for YE 2022 $MSFT $ORCL $CFLT $MDB $SNOW $SPLK $CRM $ZI $NET $PANW $ZS https://t.co/xFHsOVS4Di,CRM
2022-09-10 10:30:00+00:00,Here’s a look at which stocks have the most shares bought by insiders in the past month: $NKLA $COUP $ROKU $AMD $INTU $Z $PINS $INTC $SYNA $NFLX $NOW $ACMR $QRVO $INSG $S https://t.co/XQV9gFvz93,INTC
2022-09-12 01:30:00+00:00,Here’s a look at which stocks had the most insider selling in the past month: $ZI $HOOD $TSLA $GOOG $AMZN $PLTR $STEM $FISV $AMKR $LCID $LC $BIGC $ZEN $OPEN $INDI https://t.co/rCsmeWExrQ,GOOG
2022-09-13 00:43:58+00:00,$CRM #salesforce pays about 30% of their total cash flow from operations to their employees via stock based comp. Any of you looking purely at CFO are missing a huge expense. This company makes less cash then we think. https://t.co/qRjfmxzeTv,CRM
2022-09-13 15:08:59+00:00,"I have been bear 🐻 on $goog off 135.. each and every bump in stock has been sold .. It’s testing a key level 105.. If gone, the light will be snuffed out of bull. $googl",GOOG
2022-09-13 20:38:23+00:00,"Not terrible, considering the overall market 🤷‍♂️ No moves $AMZN $AMD $CRWD $SE $TTD $SHOP $META $SQ $MSFT $APPS $UPST Misery loves company 😅 Let’s hear it 👇 🦜 https://t.co/XsDArxLNsZ",AMZN
2022-09-13 20:38:23+00:00,"Not terrible, considering the overall market 🤷‍♂️ No moves $AMZN $AMD $CRWD $SE $TTD $SHOP $META $SQ $MSFT $APPS $UPST Misery loves company 😅 Let’s hear it 👇 🦜 https://t.co/XsDArxLNsZ",PG
2022-09-13 20:38:23+00:00,"Not terrible, considering the overall market 🤷‍♂️ No moves $AMZN $AMD $CRWD $SE $TTD $SHOP $META $SQ $MSFT $APPS $UPST Misery loves company 😅 Let’s hear it 👇 🦜 https://t.co/XsDArxLNsZ",MSFT
2022-09-14 15:59:48+00:00,3 of my Favorite ETFs $VOO S&amp;P 500 ETF Top Holdings: $AAPL $MSFT $AMZN $GOOGL $TSLA $SCHD Schwab US Dividend Top Holdings: $PEP $TXN $CSCO $KO $AMGN $DGRO Dividend Growth Top Holdings: $AAPL $MSFT $JNJ $PG,KO
2022-09-16 10:47:50+00:00,MANTENER PARA SIEMPRE $NVDA $COST $MSFT $AAPL $GOOGL $LVMH Source: stocktorch https://t.co/DkPHS4Uu8O,COST
2022-09-18 00:00:04+00:00,$AMD All eyes on the brick wall at ~$72 🧱 Very low volume directly below it! 👀 https://t.co/jwtfOfVBKZ,AMD
2022-09-18 12:50:24+00:00,"Dividend Growth Investor Starter Kit! 1. Save $1,000 and open a brokerage account 2. Invest in the following, turn on DRIP (auto dividend reinvestment) 3. Watch what happens $200 $SCHD $100 $AAPL $100 $MSFT $100 $JNJ $100 $O $100 $PEP $100 $PG $100 $HD $100 $CVX",AAPL
2022-09-19 06:30:23+00:00,"Since MicroStrategy adopted the #Bitcoin Standard: $MSTR +67% $BTC +65% $GOOG +39% $AAPL +34% $ORCL +25% $MSFT +18% $SP 500 +15% $IBM +5% $NASDAQ +4% $GOLD -17%, $BOND -18%, $AMZN -22%, $CRM -23%, $SILVER -32%, $META -44%, $SAP -47%, $NFLX -50% Source : @saylor",GOOG
2022-09-19 17:14:10+00:00,2022 Returns $TWTR: -4% $TSLA: -13% $AAPL: -14% $GME: -23% $AMZN: -26% $MSFT: -27% $GOOG: -29% $TEAM: -37% $CRM: -40% $SNOW: -46% $AMD: -47% $ADBE: -48% $PYPL: -50% $ETSY: -50% $MRNA: -51% $NVDA: -55% $META: -57% $SPOT: -58% $ZM: -58% $SQ: -60% $NFLX: -61% $SNAP: -77% $SHOP:-77%,CRM
2022-09-19 17:27:39+00:00,2022 Returns: $TWTR: -4% $TSLA: -13% $AAPL: -14% $AMZN: -26% $MSFT: -27% $GOOG: -29% $CRM: -40% $META: -57% $SPOT: -58% $ZM: -58% $SQ: -60% $NFLX: -61% $SNAP: -77% $SHOP: -77% My Mike Tyson NFT: -99.8% Who could have seen this coming?,CRM
2022-09-20 00:15:01+00:00,Trade plan for Tuesday ✅ $SPX if it breaks out above 3900 it's possible to see a 30-40 pt pop into FOMC on Wednesday. Calls can work above 3900 $TSLA setting up for 314-323 if it holds above 308. Calls can work above 308 $AAPL lead tech higher today.. 157 in play this week,AAPL
2022-09-20 01:30:00+00:00,$NFLX Setting up for Round 2 with room to run! 👀 🏃‍♂️ https://t.co/QLVBH6zUCI,NFLX
2022-09-20 17:33:28+00:00,DRIP &amp; Chill With Some of These Dividend Names💰 $ABBV AbbVie $KO Coca-Cola $MO Altria Group $SBUX Starbucks $MCD McDonald’s $DG Dollar General $CAH Cardinal Health $LMT Lockheed Martin $TXN Texas Instruments $SPG Simon Property Group What are some of your favorites?,KO
2022-09-20 21:10:00+00:00,$AMD $NVDA Tomorrow's FOMC decision could be make or break for these semi leaders sitting at master support! 👀 https://t.co/BEEyJF81vt,AMD
2022-09-22 17:14:50+00:00,Some of My Top Favorite Dividend Names💰 Tech💻 $TSM $AAPL $MSFT $NVDA Industrial🏭 $DE $WM $LMT Real Estate🏡 $O $DLR $SPG $STAG Consumer🧍 $UL $KO $PG $PEP Retail🛍 $HD $DG $TSCO $COST Healthcare💊 $JNJ $ABT $UNH $ABBV Utility⚡️ $XEL $NEE Are you holding any of these?,COST
2022-09-23 01:33:44+00:00,"If I had to guess ….Next $Fdx type play is $Nflx like last Friday 245c top watch for me $Cost watching for flush $Aapl 150/148 huge spots may have nice range 150 hold 153 pos , 150 break 148 fast big move $Sq huge spot breaks 56 &amp; 50 fast ,56 hold 58.98/60 $Spy 373-378",COST
2022-09-23 19:41:35+00:00,Some notable large cap stocks that hit new 52 Week lows today $AMD Citi $C Caterpillar $CAT Salesforce $CRM Google $GOOGL Intel $INTC Mastercard $MA Facebook $META 3M $MMM Microsoft $MSFT Micron $MU Nike $NKE Nvidia $NVDA $SE Shopify $SHOP Square $SQ AT&amp;T $T $UPS Visa $V,INTC
2022-09-25 14:20:54+00:00,"Uncertainty and Fear is at high levels Defensive names are hanging in there $KO $PEP $LMT $JNJ $ABBV $BMY $O $AVB There are times to play offense, but right now is not one of them",KO
2022-09-25 14:34:16+00:00,Year-to-Date Performance: 1. $FB: -59% 2. $AAPL: -17% 3. $AMZN: -33% 4. $NFLX: -62% 5. $GOOGL: -32% 6. $TSLA: -31% 7. $MSFT: -29% 8. $DIS: -36% 9. $NVDA: -58% 10. $BABA: -35% 11. $PYPL: -55% Imagine the damage once housing prices crash next. The bubble is officially bursting.,AMZN
2022-09-25 14:34:16+00:00,Year-to-Date Performance: 1. $FB: -59% 2. $AAPL: -17% 3. $AMZN: -33% 4. $NFLX: -62% 5. $GOOGL: -32% 6. $TSLA: -31% 7. $MSFT: -29% 8. $DIS: -36% 9. $NVDA: -58% 10. $BABA: -35% 11. $PYPL: -55% Imagine the damage once housing prices crash next. The bubble is officially bursting.,PG
2022-09-25 14:34:16+00:00,Year-to-Date Performance: 1. $FB: -59% 2. $AAPL: -17% 3. $AMZN: -33% 4. $NFLX: -62% 5. $GOOGL: -32% 6. $TSLA: -31% 7. $MSFT: -29% 8. $DIS: -36% 9. $NVDA: -58% 10. $BABA: -35% 11. $PYPL: -55% Imagine the damage once housing prices crash next. The bubble is officially bursting.,MSFT
2022-09-25 15:57:24+00:00,"@unusual_whales @TSOH_Investing “Is there ANY inflationary environment where you would raise the hotdog combo price?"" “No."" @CNBC @SquawkStreet $COST https://t.co/Xwe17cFPXI",COST
2022-09-25 19:48:08+00:00,Watchlist this week $O Realty Income 4.81% dividend yield $EPRT Essential Realty 5.19% yield $MMM 3M 5.27% dividend yield $TROW T Rowe 4.47% dividend yield $EPD Enterprise Prod. 8.04% yield $KO Coca-Cola 3.00% dividend yield Patience. Opportunity What’s on your list?,KO
2022-09-26 00:01:01+00:00,$TSLA - Above 273 - Trade Idea 💡 - Sept 30 280C Closed at 275.33 Let's see if TSLA can bottom near 273 and set up for a bounce to 285 this week Puts can work under 273/268 - $AAPL $ARKK $AMD $AMZN $BA $META $MSFT $NFLX $NIO $ES_F $NVDA $QQQ $MDB $SPX $SPY $TGT $TSLA $ZM https://t.co/YDzsHtucOu,BA
2022-09-26 16:00:57+00:00,And just like that $INTC is below the 2014 highs. All buyers over the past 4.5 years under water. https://t.co/7rns3jE8QO,INTC
2022-09-26 20:50:44+00:00,"While semis have been under pressure due to macro factors, some have been able to grow their cash substantially. Here’s a look at the top stocks with the biggest YoY growth in their cash: $ADI $NVDA $AVGO $AMD $TSM $TXN $SNPS $ON $NXPI $MPWR $INTC $CDNS $MCHP $QCOM $KLAC https://t.co/hSNsAVn1nC",INTC
2022-09-27 22:06:06+00:00,"Ryan Reynolds and Hugh Jackman will return as Deadpool and Wolverine for Deadpool 3, by Disney, $DIS, on September 9, 2024. https://t.co/iFXtEDeDdE",DIS
2022-09-28 07:57:00+00:00,"🐳 news: - Congressional trading bill given - $9 trillion in stock losses - $1B Ukraine - $AAPL low iPhone production - Do Kwon cash out #BTC ? - Yellen may depart after midterms - $BIIB effective - $LYFT stops hiring - SEC: $1.1B $GS, $MS, more - Futures https://t.co/nH5RI9muk7 https://t.co/rOnEM6ofUt",AAPL
2022-09-28 13:09:01+00:00,$AAPL they’re gonna say the news is fake and then it’s gonna pump again lol,AAPL
2022-09-28 23:30:00+00:00,$AAPL gives up on plans to increase production on iPhones this year,AAPL
2022-09-29 22:00:45+00:00,"I mentioned 1 trade today for $COST Puts @ $10.50 ran to $12.50 20% move, and that was just a test video… It is what it is…",COST
